{"type":"FeatureCollection","name":"Santos — Bairros — Censo Demográfico 2022","metadata":{"source":"IBGE — Censo Demográfico 2022","municipality":"Santos","state":"SP","municipality_ibge_code":"3548500","source_crs":"EPSG:4674","source_crs_name":"SIRGAS 2000","personal_data":false,"confirmed_neighborhoods_only":true,"feature_count":55},"features":[{"type":"Feature","properties":{"cd_bairro":"3548500001","bairro":"José Menino","area_km2":0.6800466},"geometry":{"type":"MultiPolygon","coordinates":[[[[-46.3507978,-23.9716248],[-46.3509612,-23.971541],[-46.3512563,-23.9715559],[-46.3515577,-23.9716336],[-46.3518856,-23.9718055],[-46.351906,-23.9718245],[-46.3521167,-23.9720583],[-46.3522933,-23.9722542],[-46.3525189,-23.9723626],[-46.3526066,-23.9723633],[-46.3527317,-23.9723643],[-46.3528901,-23.9723153],[-46.3531456,-23.9721605],[-46.3540525,-23.9713646],[-46.3547196,-23.9711324],[-46.3551256,-23.97107],[-46.3554264,-23.9701519],[-46.3558572,-23.9689131],[-46.356109,-23.968818],[-46.356118,-23.968662],[-46.3561187,-23.9686166],[-46.3561188,-23.9686095],[-46.356123,-23.968345],[-46.3560883,-23.9683449],[-46.3559413,-23.9683443],[-46.355847,-23.968344],[-46.3558524,-23.9682149],[-46.355856,-23.968128],[-46.3560301,-23.9681274],[-46.356162,-23.968127],[-46.356169,-23.967803],[-46.356261,-23.967804],[-46.356263,-23.967754],[-46.3562633,-23.967746],[-46.3562717,-23.9675375],[-46.3562816,-23.9672917],[-46.3562858,-23.9671872],[-46.356286,-23.967182],[-46.3563774,-23.967205],[-46.356405,-23.9672119],[-46.3567,-23.967286],[-46.3567098,-23.9670164],[-46.356714,-23.9669],[-46.356795,-23.966675],[-46.3570155,-23.9661385],[-46.3570613,-23.9660271],[-46.3568538,-23.9661422],[-46.3565115,-23.9661553],[-46.3560992,-23.9662397],[-46.3559079,-23.9662266],[-46.3557697,-23.966271],[-46.3557467,-23.9663326],[-46.3557283,-23.9664007],[-46.3556653,-23.9665909],[-46.355719,-23.966605],[-46.35559,-23.966979],[-46.3554581,-23.9670529],[-46.355424,-23.967072],[-46.355368,-23.967171],[-46.355346,-23.967249],[-46.355325,-23.967343],[-46.355338,-23.967457],[-46.3553397,-23.9674648],[-46.355362,-23.967564],[-46.3554723,-23.9677334],[-46.355517,-23.967802],[-46.3550801,-23.967804],[-46.354873,-23.967806],[-46.354337,-23.967551],[-46.354301,-23.9675306],[-46.354224,-23.967487],[-46.35408,-23.96741],[-46.35397,-23.9673],[-46.353849,-23.967149],[-46.353738,-23.966966],[-46.353644,-23.966767],[-46.353567,-23.966478],[-46.353564,-23.966247],[-46.35361,-23.966183],[-46.353667,-23.966093],[-46.353071,-23.965864],[-46.352267,-23.965612],[-46.351865,-23.965482],[-46.350528,-23.964729],[-46.3494131,-23.9642747],[-46.349377,-23.96426],[-46.3493415,-23.9642454],[-46.348995,-23.964104],[-46.3486875,-23.963993],[-46.347782,-23.963664],[-46.347207,-23.963455],[-46.346594,-23.963233],[-46.346531,-23.963217],[-46.346417,-23.963179],[-46.346013,-23.963116],[-46.345638,-23.963116],[-46.3455149,-23.9631152],[-46.345476,-23.963115],[-46.3454359,-23.9631176],[-46.345352,-23.963123],[-46.3453581,-23.963179],[-46.345362,-23.963215],[-46.3453661,-23.963251],[-46.3454676,-23.9641532],[-46.345472,-23.964192],[-46.3454774,-23.9642321],[-46.3455433,-23.964723],[-46.3455529,-23.964794],[-46.3457023,-23.965906],[-46.345707,-23.9659415],[-46.345707,-23.966063],[-46.345689,-23.966794],[-46.3456871,-23.967799],[-46.3456878,-23.967835],[-46.3456886,-23.967871],[-46.3456954,-23.96803],[-46.345697,-23.968066],[-46.3456977,-23.968102],[-46.3456116,-23.9690582],[-46.3465963,-23.968907],[-46.3480428,-23.9689185],[-46.3496016,-23.9690021],[-46.3496982,-23.9708409],[-46.3496846,-23.9710337],[-46.3496723,-23.9712632],[-46.3496708,-23.971495],[-46.3496606,-23.971728],[-46.3496384,-23.9718944],[-46.3496546,-23.9721644],[-46.3497421,-23.9722947],[-46.3498844,-23.972403],[-46.3500555,-23.9724774],[-46.3502686,-23.9725109],[-46.350473,-23.9724376],[-46.3506388,-23.9723062],[-46.3507463,-23.9721542],[-46.3508104,-23.9719773],[-46.3508002,-23.9717778],[-46.3507978,-23.9716248]]],[[[-46.3526338,-23.975005],[-46.3527526,-23.9750978],[-46.3529589,-23.9750557],[-46.3531035,-23.9749518],[-46.3531805,-23.9749043],[-46.3531902,-23.9749],[-46.3533538,-23.9748094],[-46.3535271,-23.9747102],[-46.3536479,-23.974593],[-46.3536491,-23.9744662],[-46.3535401,-23.9743384],[-46.35347,-23.9741629],[-46.3534058,-23.973865],[-46.3531922,-23.9736621],[-46.3529356,-23.9734632],[-46.3526077,-23.9732069],[-46.3523307,-23.973126],[-46.3520589,-23.9730145],[-46.3517381,-23.9730163],[-46.3514839,-23.9730712],[-46.3514695,-23.9730755],[-46.351363,-23.9731927],[-46.3513581,-23.9732058],[-46.3514046,-23.9733505],[-46.3514189,-23.9733638],[-46.3515128,-23.9735614],[-46.3515399,-23.9737278],[-46.3515399,-23.9737322],[-46.3515912,-23.9738769],[-46.3515959,-23.9738901],[-46.3517428,-23.9740444],[-46.351762,-23.9740445],[-46.3519482,-23.9740985],[-46.3519816,-23.9741075],[-46.3521342,-23.9741699],[-46.352158,-23.9741832],[-46.3523101,-23.9743069],[-46.3524277,-23.9745222],[-46.3524323,-23.9745397],[-46.3524447,-23.9747498],[-46.3524446,-23.9747629],[-46.3524765,-23.9749294],[-46.3526338,-23.975005]]]]}},{"type":"Feature","properties":{"cd_bairro":"3548500002","bairro":"Gonzaga","area_km2":1.2459141},"geometry":{"type":"Polygon","coordinates":[[[-46.32898,-23.967852],[-46.3289813,-23.9678879],[-46.328982,-23.967936],[-46.3289884,-23.9679777],[-46.329076,-23.96855],[-46.3291755,-23.9693919],[-46.32918,-23.96943],[-46.3291819,-23.969467],[-46.329191,-23.969645],[-46.3293132,-23.9705929],[-46.329318,-23.97063],[-46.3293262,-23.9706659],[-46.329344,-23.970743],[-46.329359,-23.970818],[-46.3295071,-23.9716609],[-46.3326223,-23.9706962],[-46.3360848,-23.9697769],[-46.3381788,-23.9694161],[-46.3391679,-23.9694309],[-46.339168,-23.969238],[-46.339042,-23.968464],[-46.33902,-23.968287],[-46.3389795,-23.967972],[-46.338879,-23.967189],[-46.338839,-23.966881],[-46.338972,-23.966863],[-46.3389676,-23.966828],[-46.3387995,-23.965486],[-46.338795,-23.96545],[-46.3387913,-23.965414],[-46.3386418,-23.963948],[-46.338638,-23.963911],[-46.3386334,-23.963876],[-46.3383442,-23.9616798],[-46.338339,-23.96164],[-46.3383373,-23.9616008],[-46.3383337,-23.9615139],[-46.338332,-23.961475],[-46.3383257,-23.9614359],[-46.33831,-23.961339],[-46.338241,-23.961315],[-46.338198,-23.9613],[-46.3381561,-23.9612845],[-46.3370628,-23.9608708],[-46.3355718,-23.9603064],[-46.334383,-23.959891],[-46.333164,-23.959441],[-46.331947,-23.9589921],[-46.331906,-23.958977],[-46.331863,-23.9589557],[-46.3318317,-23.9589365],[-46.3318435,-23.9590312],[-46.3318489,-23.9590735],[-46.331761,-23.959032],[-46.330265,-23.958396],[-46.328829,-23.957814],[-46.327762,-23.957477],[-46.327305,-23.957373],[-46.327611,-23.957631],[-46.3276312,-23.9576502],[-46.3276628,-23.9577317],[-46.3277184,-23.95784],[-46.32774,-23.957882],[-46.3277329,-23.9579119],[-46.3277134,-23.957996],[-46.327705,-23.958032],[-46.3277125,-23.9580736],[-46.3278995,-23.959116],[-46.327906,-23.959152],[-46.3279103,-23.959188],[-46.3281198,-23.960921],[-46.328124,-23.960956],[-46.3281287,-23.960992],[-46.3282544,-23.961946],[-46.328259,-23.961981],[-46.3282616,-23.962018],[-46.328293,-23.96247],[-46.328417,-23.963523],[-46.3285028,-23.964255],[-46.328507,-23.964291],[-46.3285109,-23.964326],[-46.328527,-23.964469],[-46.3286204,-23.9649009],[-46.328628,-23.964936],[-46.3286312,-23.964972],[-46.328658,-23.965278],[-46.328697,-23.965541],[-46.328769,-23.966136],[-46.3287917,-23.96632],[-46.328796,-23.966355],[-46.3288005,-23.966392],[-46.328879,-23.967039],[-46.328976,-23.967816],[-46.32898,-23.967852]]]}},{"type":"Feature","properties":{"cd_bairro":"3548500003","bairro":"Boqueirão","area_km2":1.6168628},"geometry":{"type":"Polygon","coordinates":[[[-46.319816,-23.968278],[-46.3198193,-23.968314],[-46.319909,-23.969283],[-46.319954,-23.969773],[-46.3200827,-23.9711651],[-46.320086,-23.971201],[-46.3200896,-23.9712391],[-46.3202037,-23.9724612],[-46.3202192,-23.9726269],[-46.320223,-23.972668],[-46.32011,-23.972731],[-46.320302,-23.972929],[-46.320728,-23.973431],[-46.3209263,-23.973706],[-46.321219,-23.974112],[-46.321307,-23.974052],[-46.321331,-23.97408],[-46.3213971,-23.9741569],[-46.3214461,-23.9742139],[-46.3217131,-23.9745148],[-46.3227703,-23.9740953],[-46.325369,-23.9729608],[-46.3279827,-23.9720726],[-46.3295071,-23.9716609],[-46.329359,-23.970818],[-46.329344,-23.970743],[-46.3293262,-23.9706659],[-46.329318,-23.97063],[-46.3293132,-23.9705929],[-46.329191,-23.969645],[-46.3291819,-23.969467],[-46.32918,-23.96943],[-46.3291755,-23.9693919],[-46.329076,-23.96855],[-46.3289884,-23.9679777],[-46.328982,-23.967936],[-46.3289813,-23.9678879],[-46.32898,-23.967852],[-46.328976,-23.967816],[-46.328879,-23.967039],[-46.3288005,-23.966392],[-46.328796,-23.966355],[-46.3287917,-23.96632],[-46.328769,-23.966136],[-46.328697,-23.965541],[-46.328658,-23.965278],[-46.3286312,-23.964972],[-46.328628,-23.964936],[-46.3286204,-23.9649009],[-46.328527,-23.964469],[-46.3285109,-23.964326],[-46.328507,-23.964291],[-46.3285028,-23.964255],[-46.328417,-23.963523],[-46.328293,-23.96247],[-46.3282616,-23.962018],[-46.328259,-23.961981],[-46.3282544,-23.961946],[-46.3281287,-23.960992],[-46.328124,-23.960956],[-46.3281198,-23.960921],[-46.3279103,-23.959188],[-46.327906,-23.959152],[-46.3278995,-23.959116],[-46.3277125,-23.9580736],[-46.327705,-23.958032],[-46.3277134,-23.957996],[-46.3277329,-23.9579119],[-46.32774,-23.957882],[-46.3277184,-23.95784],[-46.3276628,-23.9577317],[-46.3276312,-23.9576502],[-46.327611,-23.957631],[-46.327305,-23.957373],[-46.326975,-23.957317],[-46.326763,-23.957312],[-46.326473,-23.957354],[-46.326303,-23.957378],[-46.326359,-23.957437],[-46.3263098,-23.9574408],[-46.322888,-23.9577049],[-46.322848,-23.957708],[-46.322809,-23.9577116],[-46.3220641,-23.9577803],[-46.322024,-23.957784],[-46.321984,-23.9577909],[-46.3215309,-23.9578688],[-46.321489,-23.957876],[-46.3214581,-23.9578981],[-46.320218,-23.9587848],[-46.32018,-23.958812],[-46.32014,-23.9588399],[-46.3189689,-23.9596566],[-46.318934,-23.959681],[-46.318899,-23.9597049],[-46.3177188,-23.9605116],[-46.317686,-23.960534],[-46.3176527,-23.9605552],[-46.3169724,-23.9609893],[-46.31694,-23.96101],[-46.3169087,-23.9610307],[-46.3166194,-23.9612214],[-46.3165553,-23.9612663],[-46.316527,-23.9612833],[-46.316548,-23.961298],[-46.316581,-23.961321],[-46.3166132,-23.9613449],[-46.318144,-23.96248],[-46.3186637,-23.9628984],[-46.318693,-23.962922],[-46.318725,-23.962943],[-46.318846,-23.963022],[-46.318878,-23.963043],[-46.3189081,-23.9630668],[-46.319161,-23.963267],[-46.319304,-23.96341],[-46.319369,-23.963624],[-46.3194613,-23.964834],[-46.319464,-23.96487],[-46.3194672,-23.964906],[-46.3196429,-23.966872],[-46.319646,-23.966907],[-46.3196506,-23.966944],[-46.3198115,-23.9682419],[-46.319816,-23.968278]]]}},{"type":"Feature","properties":{"cd_bairro":"3548500004","bairro":"Embaré","area_km2":1.5363521},"geometry":{"type":"Polygon","coordinates":[[[-46.308591,-23.970585],[-46.3086227,-23.9706082],[-46.3091978,-23.9710301],[-46.309229,-23.971053],[-46.3092599,-23.9710761],[-46.3101155,-23.9717147],[-46.3109488,-23.9726391],[-46.3109735,-23.9726664],[-46.3109976,-23.9726943],[-46.3117799,-23.9735991],[-46.311804,-23.973627],[-46.3118288,-23.9736551],[-46.3126316,-23.9745653],[-46.312656,-23.974593],[-46.3126807,-23.9746212],[-46.3134567,-23.9755052],[-46.313482,-23.975534],[-46.3135054,-23.9755623],[-46.3139674,-23.9761214],[-46.313991,-23.97615],[-46.313904,-23.976203],[-46.314596,-23.976973],[-46.31545,-23.977924],[-46.315511,-23.977878],[-46.3155361,-23.9779072],[-46.3155926,-23.9779743],[-46.315617,-23.978003],[-46.3156442,-23.9780286],[-46.3159195,-23.9783535],[-46.3170441,-23.9776257],[-46.3196314,-23.9759318],[-46.3217131,-23.9745148],[-46.3214461,-23.9742139],[-46.3213971,-23.9741569],[-46.321331,-23.97408],[-46.321307,-23.974052],[-46.321219,-23.974112],[-46.3209263,-23.973706],[-46.320728,-23.973431],[-46.320302,-23.972929],[-46.32011,-23.972731],[-46.320223,-23.972668],[-46.3202192,-23.9726269],[-46.3202037,-23.9724612],[-46.3200896,-23.9712391],[-46.320086,-23.971201],[-46.3200827,-23.9711651],[-46.319954,-23.969773],[-46.319909,-23.969283],[-46.3198193,-23.968314],[-46.319816,-23.968278],[-46.3198115,-23.9682419],[-46.3196506,-23.966944],[-46.319646,-23.966907],[-46.31954,-23.966905],[-46.3182128,-23.9673757],[-46.317671,-23.96664],[-46.318287,-23.96604],[-46.318363,-23.965963],[-46.318928,-23.965341],[-46.318286,-23.964851],[-46.319228,-23.963814],[-46.319369,-23.963624],[-46.319304,-23.96341],[-46.319161,-23.963267],[-46.3189081,-23.9630668],[-46.318878,-23.963043],[-46.318846,-23.963022],[-46.318725,-23.962943],[-46.318693,-23.962922],[-46.3186637,-23.9628984],[-46.318144,-23.96248],[-46.3166132,-23.9613449],[-46.316581,-23.961321],[-46.316548,-23.961298],[-46.316527,-23.9612833],[-46.316496,-23.961301],[-46.3164287,-23.9613458],[-46.3161656,-23.9615395],[-46.316135,-23.961562],[-46.3161036,-23.9615835],[-46.3153708,-23.9620839],[-46.315337,-23.962107],[-46.3153027,-23.9621298],[-46.314382,-23.962743],[-46.3139639,-23.963022],[-46.313925,-23.963048],[-46.313888,-23.9630738],[-46.3128218,-23.9638164],[-46.312788,-23.96384],[-46.3127538,-23.9638623],[-46.311835,-23.964462],[-46.311794,-23.9644],[-46.311646,-23.964348],[-46.311313,-23.9644],[-46.311116,-23.964505],[-46.310817,-23.964687],[-46.310621,-23.964859],[-46.310514,-23.965063],[-46.310505,-23.965093],[-46.31045,-23.965275],[-46.3104633,-23.9652918],[-46.310469,-23.965299],[-46.3104921,-23.965326],[-46.3105115,-23.9653494],[-46.3104798,-23.9653707],[-46.309595,-23.9659677],[-46.3095589,-23.9659921],[-46.3095229,-23.9660152],[-46.3087589,-23.9665059],[-46.308726,-23.966527],[-46.3086959,-23.9665489],[-46.3080987,-23.9669827],[-46.308068,-23.967005],[-46.3080357,-23.9670267],[-46.307553,-23.967351],[-46.3071026,-23.9676556],[-46.307071,-23.967677],[-46.3070381,-23.9676971],[-46.3059402,-23.9683662],[-46.305906,-23.968387],[-46.3058826,-23.9684155],[-46.305829,-23.968481],[-46.3060965,-23.9686965],[-46.306127,-23.968721],[-46.3061577,-23.9687433],[-46.3068173,-23.9692218],[-46.306848,-23.969245],[-46.3068791,-23.9692679],[-46.3073987,-23.9696672],[-46.307431,-23.969692],[-46.3074627,-23.9697162],[-46.3079956,-23.9701232],[-46.308028,-23.970148],[-46.3080594,-23.9701724],[-46.3085593,-23.9705604],[-46.308591,-23.970585]]]}},{"type":"Feature","properties":{"cd_bairro":"3548500005","bairro":"Aparecida","area_km2":1.5158677},"geometry":{"type":"Polygon","coordinates":[[[-46.301285,-23.977827],[-46.3015845,-23.9780407],[-46.3022211,-23.9784949],[-46.302252,-23.978517],[-46.302282,-23.97854],[-46.303489,-23.979464],[-46.303519,-23.979487],[-46.30355,-23.97951],[-46.304775,-23.98042],[-46.3052912,-23.9808297],[-46.3059947,-23.9813704],[-46.306025,-23.981394],[-46.3060548,-23.9814162],[-46.306979,-23.982104],[-46.3075346,-23.9825176],[-46.307566,-23.982541],[-46.3075969,-23.9825643],[-46.3081487,-23.9829859],[-46.3091658,-23.9837482],[-46.309196,-23.983771],[-46.3092319,-23.9837881],[-46.3093633,-23.9838506],[-46.3094,-23.983868],[-46.3094335,-23.9838884],[-46.3097182,-23.9840839],[-46.3105676,-23.9832659],[-46.3112039,-23.9826811],[-46.3140629,-23.9799798],[-46.3152172,-23.9790095],[-46.3159195,-23.9783535],[-46.3156442,-23.9780286],[-46.315617,-23.978003],[-46.3155926,-23.9779743],[-46.3155361,-23.9779072],[-46.315511,-23.977878],[-46.31545,-23.977924],[-46.314596,-23.976973],[-46.313904,-23.976203],[-46.313991,-23.97615],[-46.3139674,-23.9761214],[-46.3135054,-23.9755623],[-46.313482,-23.975534],[-46.3134567,-23.9755052],[-46.3126807,-23.9746212],[-46.312656,-23.974593],[-46.3126316,-23.9745653],[-46.3118288,-23.9736551],[-46.311804,-23.973627],[-46.3117799,-23.9735991],[-46.3109976,-23.9726943],[-46.3109735,-23.9726664],[-46.3109488,-23.9726391],[-46.3101155,-23.9717147],[-46.3092599,-23.9710761],[-46.309229,-23.971053],[-46.3091978,-23.9710301],[-46.3086227,-23.9706082],[-46.308591,-23.970585],[-46.3085593,-23.9705604],[-46.3080594,-23.9701724],[-46.308028,-23.970148],[-46.3079956,-23.9701232],[-46.3074627,-23.9697162],[-46.307431,-23.969692],[-46.3073987,-23.9696672],[-46.3068791,-23.9692679],[-46.306848,-23.969245],[-46.3068173,-23.9692218],[-46.3061577,-23.9687433],[-46.306127,-23.968721],[-46.3060965,-23.9686965],[-46.305829,-23.968481],[-46.305761,-23.968574],[-46.305739,-23.968604],[-46.3057068,-23.9686248],[-46.304418,-23.969459],[-46.302981,-23.97039],[-46.302239,-23.97095],[-46.302,-23.972394],[-46.301955,-23.972601],[-46.30185,-23.973341],[-46.301729,-23.973745],[-46.301699,-23.973903],[-46.301617,-23.974013],[-46.301519,-23.974095],[-46.300972,-23.974472],[-46.300754,-23.974616],[-46.300461,-23.974807],[-46.2989231,-23.9758271],[-46.2988925,-23.9758473],[-46.2988601,-23.9758721],[-46.298811,-23.97591],[-46.2988857,-23.9759712],[-46.298916,-23.975996],[-46.2989476,-23.9760183],[-46.299723,-23.976565],[-46.3003082,-23.9770589],[-46.300338,-23.977084],[-46.3003688,-23.9771081],[-46.301285,-23.977827]]]}},{"type":"Feature","properties":{"cd_bairro":"3548500006","bairro":"Ponta da Praia","area_km2":1.7844834},"geometry":{"type":"Polygon","coordinates":[[[-46.2953158,-23.9864965],[-46.295282,-23.986578],[-46.295279,-23.986583],[-46.294921,-23.98717],[-46.2948942,-23.9872086],[-46.2947834,-23.9873679],[-46.294759,-23.987403],[-46.2947358,-23.987437],[-46.2945923,-23.987602],[-46.2947954,-23.9875311],[-46.2955557,-23.9879402],[-46.2968269,-23.9886309],[-46.2979782,-23.9893113],[-46.2991932,-23.9899593],[-46.3005172,-23.9906133],[-46.3015251,-23.9911038],[-46.3021958,-23.9913859],[-46.3024861,-23.9914708],[-46.3028019,-23.9915393],[-46.3028013,-23.9916631],[-46.3029619,-23.9916893],[-46.3030062,-23.9915652],[-46.3032243,-23.9915716],[-46.3035637,-23.9915913],[-46.3036675,-23.9916206],[-46.3038977,-23.9916255],[-46.3041243,-23.9915576],[-46.3041221,-23.9915039],[-46.304588,-23.9914502],[-46.3051066,-23.9913272],[-46.3051677,-23.9913831],[-46.3053712,-23.9913691],[-46.3054681,-23.9913068],[-46.3055959,-23.9912315],[-46.3056161,-23.9912166],[-46.305666,-23.9911797],[-46.3061833,-23.9909487],[-46.3067891,-23.9905506],[-46.3069208,-23.9905781],[-46.3070743,-23.9904814],[-46.3072318,-23.9903998],[-46.3072492,-23.9903058],[-46.3072701,-23.990272],[-46.3075239,-23.9900368],[-46.3075922,-23.9899687],[-46.3077862,-23.9897752],[-46.3079457,-23.9894865],[-46.3080931,-23.9891674],[-46.3081804,-23.9891041],[-46.3081998,-23.9890523],[-46.3080416,-23.9890101],[-46.3083719,-23.98785],[-46.3085043,-23.9873867],[-46.3087321,-23.9865265],[-46.3088541,-23.9865717],[-46.3089466,-23.9862631],[-46.3089673,-23.9861812],[-46.3088647,-23.986125],[-46.3090368,-23.9855356],[-46.3092006,-23.9849304],[-46.3092913,-23.9846674],[-46.3095165,-23.9842981],[-46.3096202,-23.9842498],[-46.3096716,-23.9841828],[-46.3097182,-23.9840839],[-46.3094335,-23.9838884],[-46.3094,-23.983868],[-46.3093633,-23.9838506],[-46.3092319,-23.9837881],[-46.309196,-23.983771],[-46.3091658,-23.9837482],[-46.3081487,-23.9829859],[-46.3075969,-23.9825643],[-46.307566,-23.982541],[-46.3075346,-23.9825176],[-46.306979,-23.982104],[-46.3060548,-23.9814162],[-46.306025,-23.981394],[-46.3059947,-23.9813704],[-46.3052912,-23.9808297],[-46.304775,-23.98042],[-46.30355,-23.97951],[-46.303519,-23.979487],[-46.303489,-23.979464],[-46.302282,-23.97854],[-46.302252,-23.978517],[-46.3022211,-23.9784949],[-46.3015845,-23.9780407],[-46.301285,-23.977827],[-46.3003688,-23.9771081],[-46.300338,-23.977084],[-46.3003082,-23.9770589],[-46.299723,-23.976565],[-46.2989476,-23.9760183],[-46.298916,-23.975996],[-46.2988857,-23.9759712],[-46.298811,-23.97591],[-46.2987435,-23.9759664],[-46.298714,-23.975991],[-46.2986814,-23.9760133],[-46.297892,-23.976553],[-46.2966034,-23.9774355],[-46.296572,-23.977457],[-46.2965403,-23.9774785],[-46.2952951,-23.9783222],[-46.295263,-23.978344],[-46.2952302,-23.9783643],[-46.294102,-23.9790617],[-46.294061,-23.979087],[-46.294022,-23.9790984],[-46.293979,-23.979111],[-46.2939321,-23.9797146],[-46.293954,-23.980134],[-46.293979,-23.980694],[-46.294058,-23.981073],[-46.2943851,-23.9824436],[-46.294738,-23.983922],[-46.2950603,-23.9854466],[-46.2950989,-23.9857671],[-46.2951757,-23.9861301],[-46.2952513,-23.9863625],[-46.2952885,-23.9864634],[-46.2953158,-23.9864965]]]}},{"type":"Feature","properties":{"cd_bairro":"3548500007","bairro":"Estuário","area_km2":0.5977795},"geometry":{"type":"Polygon","coordinates":[[[-46.296572,-23.977457],[-46.2966034,-23.9774355],[-46.297892,-23.976553],[-46.2986814,-23.9760133],[-46.298714,-23.975991],[-46.2987435,-23.9759664],[-46.298811,-23.97591],[-46.2988601,-23.9758721],[-46.2988925,-23.9758473],[-46.2989231,-23.9758271],[-46.300461,-23.974807],[-46.300754,-23.974616],[-46.300972,-23.974472],[-46.301519,-23.974095],[-46.301617,-23.974013],[-46.301699,-23.973903],[-46.301729,-23.973745],[-46.30185,-23.973341],[-46.301955,-23.972601],[-46.302,-23.972394],[-46.302239,-23.97095],[-46.302981,-23.97039],[-46.304418,-23.969459],[-46.3057068,-23.9686248],[-46.305739,-23.968604],[-46.305761,-23.968574],[-46.305829,-23.968481],[-46.3055628,-23.9682643],[-46.305533,-23.96824],[-46.3055019,-23.9682182],[-46.304801,-23.967726],[-46.303195,-23.966513],[-46.3024376,-23.9659202],[-46.302408,-23.965897],[-46.3023771,-23.9658738],[-46.30234,-23.965846],[-46.3023063,-23.9658963],[-46.302285,-23.965928],[-46.3022603,-23.9659573],[-46.30095,-23.967512],[-46.299479,-23.96932],[-46.2990839,-23.9697739],[-46.299049,-23.969814],[-46.2990205,-23.969851],[-46.297718,-23.971539],[-46.295868,-23.973668],[-46.295203,-23.974577],[-46.294685,-23.975191],[-46.294594,-23.975282],[-46.294484,-23.975441],[-46.294363,-23.975604],[-46.294248,-23.975743],[-46.294169,-23.975887],[-46.294122,-23.976011],[-46.294069,-23.976175],[-46.294043,-23.976371],[-46.294038,-23.97664],[-46.294027,-23.977072],[-46.2940014,-23.9785086],[-46.293985,-23.978928],[-46.293979,-23.979111],[-46.294022,-23.9790984],[-46.294061,-23.979087],[-46.294102,-23.9790617],[-46.2952302,-23.9783643],[-46.295263,-23.978344],[-46.2952951,-23.9783222],[-46.2965403,-23.9774785],[-46.296572,-23.977457]]]}},{"type":"Feature","properties":{"cd_bairro":"3548500008","bairro":"Macuco","area_km2":1.711892},"geometry":{"type":"Polygon","coordinates":[[[-46.3095589,-23.9659921],[-46.309595,-23.9659677],[-46.3104798,-23.9653707],[-46.3105115,-23.9653494],[-46.3104921,-23.965326],[-46.310469,-23.965299],[-46.3104633,-23.9652918],[-46.31045,-23.965275],[-46.310505,-23.965093],[-46.310514,-23.965063],[-46.310621,-23.964859],[-46.310817,-23.964687],[-46.311116,-23.964505],[-46.311313,-23.9644],[-46.311646,-23.964348],[-46.311794,-23.9644],[-46.311835,-23.964462],[-46.3127538,-23.9638623],[-46.312788,-23.96384],[-46.3128218,-23.9638164],[-46.313888,-23.9630738],[-46.313925,-23.963048],[-46.3139639,-23.963022],[-46.314382,-23.962743],[-46.3153027,-23.9621298],[-46.315337,-23.962107],[-46.3153708,-23.9620839],[-46.3161036,-23.9615835],[-46.316135,-23.961562],[-46.3161656,-23.9615395],[-46.3164287,-23.9613458],[-46.316496,-23.961301],[-46.316527,-23.9612833],[-46.3165553,-23.9612663],[-46.3166194,-23.9612214],[-46.3169087,-23.9610307],[-46.31694,-23.96101],[-46.3169724,-23.9609893],[-46.3176527,-23.9605552],[-46.317686,-23.960534],[-46.3177188,-23.9605116],[-46.318899,-23.9597049],[-46.318934,-23.959681],[-46.3189689,-23.9596566],[-46.32014,-23.9588399],[-46.32018,-23.958812],[-46.320218,-23.9587848],[-46.3214581,-23.9578981],[-46.321489,-23.957876],[-46.32145,-23.957822],[-46.321445,-23.957717],[-46.321359,-23.956816],[-46.321326,-23.956253],[-46.321317,-23.955914],[-46.32118,-23.954852],[-46.321056,-23.95337],[-46.320914,-23.951897],[-46.320857,-23.951159],[-46.320775,-23.95041],[-46.319487,-23.950526],[-46.31817,-23.950599],[-46.316825,-23.950733],[-46.315477,-23.950845],[-46.314794,-23.950898],[-46.3147245,-23.9509534],[-46.314351,-23.951251],[-46.314041,-23.951505],[-46.313797,-23.951746],[-46.312928,-23.9520277],[-46.31289,-23.95204],[-46.3129189,-23.9524911],[-46.312922,-23.95254],[-46.311684,-23.952651],[-46.311845,-23.954154],[-46.312058,-23.956667],[-46.31095,-23.95675],[-46.309909,-23.956852],[-46.309565,-23.956858],[-46.308851,-23.957744],[-46.308866,-23.957966],[-46.308957,-23.959036],[-46.30906,-23.960619],[-46.309073,-23.960712],[-46.309033,-23.9607151],[-46.308602,-23.960748],[-46.308145,-23.9607818],[-46.308066,-23.9607877],[-46.307683,-23.960816],[-46.306485,-23.960895],[-46.3064404,-23.9608957],[-46.3063838,-23.9608999],[-46.306242,-23.961085],[-46.304477,-23.963293],[-46.3024192,-23.9657451],[-46.302395,-23.965774],[-46.3023729,-23.9658029],[-46.30234,-23.965846],[-46.3023771,-23.9658738],[-46.302408,-23.965897],[-46.3024376,-23.9659202],[-46.303195,-23.966513],[-46.304801,-23.967726],[-46.3055019,-23.9682182],[-46.305533,-23.96824],[-46.3055628,-23.9682643],[-46.305829,-23.968481],[-46.3058826,-23.9684155],[-46.305906,-23.968387],[-46.3059402,-23.9683662],[-46.3070381,-23.9676971],[-46.307071,-23.967677],[-46.3071026,-23.9676556],[-46.307553,-23.967351],[-46.3080357,-23.9670267],[-46.308068,-23.967005],[-46.3080987,-23.9669827],[-46.3086959,-23.9665489],[-46.308726,-23.966527],[-46.3087589,-23.9665059],[-46.3095229,-23.9660152],[-46.3095589,-23.9659921]]]}},{"type":"Feature","properties":{"cd_bairro":"3548500009","bairro":"Encruzilhada","area_km2":0.9056662},"geometry":{"type":"Polygon","coordinates":[[[-46.321317,-23.955914],[-46.321326,-23.956253],[-46.321359,-23.956816],[-46.321445,-23.957717],[-46.32145,-23.957822],[-46.321489,-23.957876],[-46.3215309,-23.9578688],[-46.321984,-23.9577909],[-46.322024,-23.957784],[-46.3220641,-23.9577803],[-46.322809,-23.9577116],[-46.322848,-23.957708],[-46.322888,-23.9577049],[-46.3263098,-23.9574408],[-46.326359,-23.957437],[-46.326303,-23.957378],[-46.326473,-23.957354],[-46.326763,-23.957312],[-46.326975,-23.957317],[-46.327305,-23.957373],[-46.327762,-23.957477],[-46.328829,-23.957814],[-46.330265,-23.958396],[-46.331761,-23.959032],[-46.3318489,-23.9590735],[-46.3318435,-23.9590312],[-46.3318317,-23.9589365],[-46.3316794,-23.9578101],[-46.331675,-23.957775],[-46.3316713,-23.957739],[-46.3315564,-23.9566163],[-46.3314037,-23.9551241],[-46.3314,-23.955088],[-46.3313953,-23.9550519],[-46.331299,-23.954318],[-46.3312175,-23.953624],[-46.3312132,-23.953588],[-46.331209,-23.953552],[-46.3310695,-23.9523639],[-46.331065,-23.952326],[-46.3310599,-23.95229],[-46.3308681,-23.950938],[-46.330863,-23.950902],[-46.3308583,-23.950867],[-46.33066,-23.949378],[-46.330655,-23.949342],[-46.330582,-23.949353],[-46.329508,-23.94948],[-46.328322,-23.949614],[-46.327134,-23.949771],[-46.325848,-23.949867],[-46.325622,-23.949913],[-46.324996,-23.949977],[-46.324224,-23.950033],[-46.32379,-23.950103],[-46.322156,-23.950285],[-46.320775,-23.95041],[-46.320857,-23.951159],[-46.320914,-23.951897],[-46.321056,-23.95337],[-46.32118,-23.954852],[-46.321317,-23.955914]]]}},{"type":"Feature","properties":{"cd_bairro":"3548500010","bairro":"Campo Grande","area_km2":1.1386384},"geometry":{"type":"Polygon","coordinates":[[[-46.338685,-23.953925],[-46.337482,-23.953661],[-46.337346,-23.95365],[-46.337235,-23.953641],[-46.336793,-23.953521],[-46.335718,-23.953303],[-46.334561,-23.953061],[-46.334085,-23.952977],[-46.33391,-23.952911],[-46.333227,-23.952781],[-46.332691,-23.952676],[-46.332125,-23.952546],[-46.331164,-23.952339],[-46.331065,-23.952326],[-46.3310695,-23.9523639],[-46.331209,-23.953552],[-46.3312132,-23.953588],[-46.3312175,-23.953624],[-46.331299,-23.954318],[-46.3313953,-23.9550519],[-46.3314,-23.955088],[-46.3314037,-23.9551241],[-46.3315564,-23.9566163],[-46.3316713,-23.957739],[-46.331675,-23.957775],[-46.3316794,-23.9578101],[-46.3318317,-23.9589365],[-46.331863,-23.9589557],[-46.331906,-23.958977],[-46.331947,-23.9589921],[-46.333164,-23.959441],[-46.334383,-23.959891],[-46.3355718,-23.9603064],[-46.3370628,-23.9608708],[-46.3381561,-23.9612845],[-46.338198,-23.9613],[-46.338241,-23.961315],[-46.33831,-23.961339],[-46.3383789,-23.9613626],[-46.338421,-23.961377],[-46.338464,-23.961392],[-46.339599,-23.961787],[-46.3407332,-23.9622169],[-46.341873,-23.962649],[-46.34306,-23.963082],[-46.3430382,-23.9632011],[-46.3430315,-23.9632372],[-46.3430247,-23.9632743],[-46.34302,-23.9633],[-46.344198,-23.963729],[-46.3441983,-23.9637857],[-46.34533,-23.964146],[-46.345472,-23.964192],[-46.3454676,-23.9641532],[-46.3453661,-23.963251],[-46.345362,-23.963215],[-46.3453581,-23.963179],[-46.345352,-23.963123],[-46.3451687,-23.961725],[-46.345164,-23.961689],[-46.3451593,-23.961653],[-46.345037,-23.960721],[-46.3449592,-23.9600142],[-46.344919,-23.959649],[-46.3448321,-23.958642],[-46.344829,-23.958606],[-46.3448235,-23.95857],[-46.344682,-23.95765],[-46.344443,-23.955988],[-46.3443685,-23.9551781],[-46.344365,-23.95514],[-46.344232,-23.955109],[-46.343259,-23.9549],[-46.342099,-23.954631],[-46.341101,-23.954441],[-46.339951,-23.954188],[-46.338972,-23.953968],[-46.338685,-23.953925]]]}},{"type":"Feature","properties":{"cd_bairro":"3548500011","bairro":"Marapé","area_km2":1.1491575},"geometry":{"type":"Polygon","coordinates":[[[-46.3462315,-23.9504409],[-46.3459126,-23.9504489],[-46.3455725,-23.9502534],[-46.345041,-23.949998],[-46.344999,-23.949973],[-46.344812,-23.949856],[-46.344136,-23.949632],[-46.343864,-23.949471],[-46.343754,-23.949408],[-46.343578,-23.949329],[-46.343444,-23.949191],[-46.343324,-23.949014],[-46.343234,-23.948676],[-46.3433822,-23.9486564],[-46.3435107,-23.9487257],[-46.343636,-23.9488327],[-46.3438056,-23.9488744],[-46.3438969,-23.9488614],[-46.3440795,-23.9487961],[-46.3441708,-23.9486318],[-46.3441526,-23.9483996],[-46.3440508,-23.9482065],[-46.3439517,-23.9480056],[-46.3437456,-23.9478334],[-46.343479,-23.947724],[-46.343263,-23.947631],[-46.343099,-23.94767],[-46.342254,-23.947789],[-46.341127,-23.94796],[-46.339967,-23.948128],[-46.33879,-23.948233],[-46.338291,-23.948321],[-46.338134,-23.948341],[-46.3381831,-23.9483711],[-46.3393069,-23.9490611],[-46.340263,-23.949648],[-46.34094,-23.950102],[-46.341208,-23.950258],[-46.341554,-23.950458],[-46.3421762,-23.9508564],[-46.34221,-23.950878],[-46.3422429,-23.9509014],[-46.3423097,-23.9509489],[-46.342352,-23.950979],[-46.3424047,-23.951008],[-46.3424441,-23.9510298],[-46.342479,-23.951049],[-46.3425119,-23.9510712],[-46.342922,-23.951348],[-46.343436,-23.951658],[-46.343568,-23.951747],[-46.343688,-23.951828],[-46.343765,-23.951858],[-46.343885,-23.952018],[-46.343973,-23.952138],[-46.344086,-23.952872],[-46.344212,-23.953939],[-46.344334,-23.954968],[-46.344358,-23.955101],[-46.344365,-23.95514],[-46.3443685,-23.9551781],[-46.344443,-23.955988],[-46.344682,-23.95765],[-46.3448235,-23.95857],[-46.344829,-23.958606],[-46.3448321,-23.958642],[-46.344919,-23.959649],[-46.3449592,-23.9600142],[-46.345037,-23.960721],[-46.3451593,-23.961653],[-46.345164,-23.961689],[-46.3451687,-23.961725],[-46.345352,-23.963123],[-46.3454359,-23.9631176],[-46.345476,-23.963115],[-46.3455149,-23.9631152],[-46.345638,-23.963116],[-46.346013,-23.963116],[-46.346417,-23.963179],[-46.346531,-23.963217],[-46.346594,-23.963233],[-46.347207,-23.963455],[-46.347782,-23.963664],[-46.3486875,-23.963993],[-46.348995,-23.964104],[-46.3493415,-23.9642454],[-46.349377,-23.96426],[-46.3494131,-23.9642747],[-46.350528,-23.964729],[-46.351865,-23.965482],[-46.352267,-23.965612],[-46.353071,-23.965864],[-46.353667,-23.966093],[-46.3535588,-23.9658633],[-46.353537,-23.965817],[-46.3535226,-23.9657143],[-46.3534446,-23.9655754],[-46.353225,-23.965415],[-46.353108,-23.965178],[-46.3530109,-23.9650435],[-46.3529025,-23.9649681],[-46.3526811,-23.9647857],[-46.3525085,-23.9645513],[-46.3523066,-23.9643006],[-46.3521438,-23.9641085],[-46.3517987,-23.9637796],[-46.3512419,-23.9633531],[-46.351001,-23.9630861],[-46.35008,-23.962233],[-46.350093,-23.962195],[-46.350118,-23.962167],[-46.350239,-23.96212],[-46.3502847,-23.9621109],[-46.3502684,-23.9620702],[-46.3502228,-23.9619758],[-46.3501805,-23.9618928],[-46.3501398,-23.9618309],[-46.3500291,-23.9616567],[-46.3500177,-23.9615965],[-46.350016,-23.9615623],[-46.3501447,-23.9615509],[-46.3501007,-23.9614288],[-46.3500779,-23.9613865],[-46.3500909,-23.9613214],[-46.3501284,-23.9612725],[-46.3501267,-23.9612302],[-46.3501381,-23.9611586],[-46.3501609,-23.9611325],[-46.3502212,-23.9610804],[-46.3502195,-23.9610316],[-46.3502326,-23.9609941],[-46.3501902,-23.9609583],[-46.350143,-23.9609225],[-46.3500698,-23.9609323],[-46.3500437,-23.9608476],[-46.3500339,-23.9607613],[-46.3500307,-23.9607092],[-46.3500681,-23.9606001],[-46.3500519,-23.9604064],[-46.3500014,-23.9603999],[-46.3499623,-23.9600873],[-46.3500828,-23.9595794],[-46.3500591,-23.9595735],[-46.3501298,-23.9594165],[-46.350139,-23.959396],[-46.350279,-23.958971],[-46.3503616,-23.95874],[-46.3508165,-23.9586474],[-46.350762,-23.958398],[-46.3508736,-23.9583734],[-46.3509239,-23.958328],[-46.3509692,-23.9582414],[-46.3509984,-23.9581401],[-46.3510114,-23.9580575],[-46.3510616,-23.9579829],[-46.3511361,-23.9578955],[-46.3511928,-23.9578841],[-46.3511345,-23.957855],[-46.3511059,-23.9578112],[-46.3511069,-23.9577804],[-46.3511636,-23.9577027],[-46.3512398,-23.957646],[-46.3513564,-23.9575504],[-46.3514049,-23.957474],[-46.3513589,-23.9574005],[-46.3512633,-23.9573211],[-46.3511904,-23.9572644],[-46.3512746,-23.9571575],[-46.3513738,-23.9571149],[-46.351441,-23.9571389],[-46.351567,-23.956922],[-46.3517296,-23.9567669],[-46.351761,-23.956737],[-46.351792,-23.956699],[-46.352088,-23.956336],[-46.352292,-23.956012],[-46.352511,-23.955807],[-46.352638,-23.955567],[-46.352812,-23.9553924],[-46.3529368,-23.9552588],[-46.3530188,-23.9550915],[-46.3530657,-23.9548331],[-46.352914,-23.954609],[-46.352925,-23.954346],[-46.352922,-23.954107],[-46.352907,-23.953892],[-46.352875,-23.9535573],[-46.3528426,-23.9534707],[-46.352805,-23.9534309],[-46.3526766,-23.9534114],[-46.3525687,-23.9534045],[-46.3525669,-23.9533645],[-46.3525531,-23.9533343],[-46.3525088,-23.9533017],[-46.3524879,-23.9532702],[-46.3524561,-23.9532826],[-46.3523281,-23.953219],[-46.3522579,-23.9531832],[-46.3522084,-23.9531631],[-46.3519464,-23.953118],[-46.351815,-23.9531223],[-46.3517761,-23.9530892],[-46.3516479,-23.9529823],[-46.351574,-23.95296],[-46.3515206,-23.9528631],[-46.3514166,-23.9527642],[-46.3513307,-23.9527684],[-46.3510786,-23.952587],[-46.3510217,-23.9526235],[-46.3509721,-23.9526697],[-46.3509192,-23.9526035],[-46.35082,-23.9525231],[-46.3507434,-23.9524728],[-46.3505783,-23.9523784],[-46.3503438,-23.9522933],[-46.3502338,-23.9522359],[-46.3500719,-23.9521593],[-46.3499668,-23.9521183],[-46.3501223,-23.9519083],[-46.3499784,-23.9518219],[-46.3495435,-23.9515313],[-46.349342,-23.951212],[-46.348998,-23.951066],[-46.348873,-23.951013],[-46.348378,-23.950791],[-46.347958,-23.950659],[-46.3472912,-23.9503048],[-46.3473134,-23.9504709],[-46.347039,-23.9503479],[-46.3466253,-23.9503857],[-46.3462315,-23.9504409]]]}},{"type":"Feature","properties":{"cd_bairro":"3548500012","bairro":"Jabaquara","area_km2":0.6996217},"geometry":{"type":"Polygon","coordinates":[[[-46.3385842,-23.9402553],[-46.3385488,-23.9403456],[-46.3384935,-23.9404361],[-46.3384632,-23.9405227],[-46.338374,-23.940543],[-46.338233,-23.940563],[-46.338167,-23.940525],[-46.338112,-23.940493],[-46.338054,-23.940473],[-46.337997,-23.940469],[-46.33792,-23.940484],[-46.337853,-23.940533],[-46.337787,-23.940575],[-46.337373,-23.940724],[-46.33734,-23.940564],[-46.337342,-23.940504],[-46.337373,-23.940435],[-46.3373411,-23.9404179],[-46.337233,-23.94036],[-46.3372188,-23.9403425],[-46.3370694,-23.9402855],[-46.336906,-23.9402531],[-46.3367581,-23.9402146],[-46.336641,-23.9401668],[-46.3364977,-23.9401191],[-46.3363303,-23.9400877],[-46.3362882,-23.9400798],[-46.3362871,-23.9400629],[-46.3362689,-23.9397732],[-46.3360761,-23.9393876],[-46.335903,-23.93932],[-46.3353426,-23.9394019],[-46.3353272,-23.9391086],[-46.3349191,-23.9391815],[-46.3344492,-23.9393802],[-46.334258,-23.939521],[-46.3339899,-23.9396188],[-46.3338845,-23.9397055],[-46.3339468,-23.9399345],[-46.3340528,-23.94022],[-46.33416,-23.9404484],[-46.334239,-23.940723],[-46.334305,-23.940892],[-46.334294,-23.941045],[-46.3343675,-23.9412909],[-46.334324,-23.941329],[-46.3343302,-23.941426],[-46.3343302,-23.9415006],[-46.3343768,-23.9416265],[-46.3344094,-23.9417337],[-46.3344094,-23.9419574],[-46.334366,-23.9420849],[-46.334584,-23.942388],[-46.334601,-23.942471],[-46.334639,-23.942503],[-46.334751,-23.942491],[-46.3347532,-23.942527],[-46.3347731,-23.9430135],[-46.3348077,-23.943388],[-46.33481,-23.943424],[-46.3348149,-23.943459],[-46.334833,-23.94359],[-46.334838,-23.943626],[-46.3348479,-23.94366],[-46.335671,-23.946491],[-46.3357911,-23.9466991],[-46.335824,-23.946756],[-46.335819,-23.946794],[-46.335812,-23.946847],[-46.335919,-23.9469089],[-46.335952,-23.946928],[-46.3359849,-23.9469493],[-46.336466,-23.9472598],[-46.3366895,-23.9474075],[-46.338051,-23.9482892],[-46.338134,-23.948341],[-46.338291,-23.948321],[-46.33879,-23.948233],[-46.339967,-23.948128],[-46.341127,-23.94796],[-46.342254,-23.947789],[-46.343099,-23.94767],[-46.343263,-23.947631],[-46.343479,-23.947724],[-46.343122,-23.947255],[-46.342456,-23.946915],[-46.341902,-23.946511],[-46.34156,-23.946108],[-46.341557,-23.945798],[-46.341607,-23.945559],[-46.341761,-23.945438],[-46.342422,-23.945353],[-46.342564,-23.945203],[-46.342685,-23.944774],[-46.342892,-23.944282],[-46.34289,-23.944091],[-46.343018,-23.943947],[-46.3432,-23.943945],[-46.343279,-23.944016],[-46.343434,-23.943991],[-46.343641,-23.943918],[-46.343718,-23.943822],[-46.343925,-23.9437],[-46.344286,-23.943506],[-46.344361,-23.943219],[-46.344255,-23.943029],[-46.344125,-23.942959],[-46.3440758,-23.9428088],[-46.3439853,-23.9427577],[-46.3437222,-23.9426579],[-46.3429707,-23.9425143],[-46.3427662,-23.9423176],[-46.3425221,-23.9421828],[-46.342184,-23.941999],[-46.342199,-23.941966],[-46.3422217,-23.9419381],[-46.3423546,-23.9417553],[-46.3424841,-23.941806],[-46.3425044,-23.9417833],[-46.3425437,-23.9416868],[-46.3425669,-23.94163],[-46.3425281,-23.9414812],[-46.3424795,-23.9413722],[-46.342499,-23.941305],[-46.342495,-23.941267],[-46.342474,-23.941236],[-46.3424782,-23.941168],[-46.3424329,-23.9410817],[-46.342394,-23.9410278],[-46.34232,-23.940944],[-46.3423027,-23.9408168],[-46.3420976,-23.9406339],[-46.342183,-23.940544],[-46.342177,-23.940509],[-46.3421649,-23.9404538],[-46.3420794,-23.9403216],[-46.3419614,-23.9401841],[-46.341519,-23.9400956],[-46.3413853,-23.9400395],[-46.3412903,-23.9397849],[-46.3410055,-23.9396856],[-46.3402762,-23.9395518],[-46.3398144,-23.9395346],[-46.3396418,-23.9396338],[-46.339495,-23.939759],[-46.3393138,-23.9397978],[-46.3391066,-23.9399963],[-46.3388822,-23.940156],[-46.3386621,-23.9402294],[-46.3385842,-23.9402553]]]}},{"type":"Feature","properties":{"cd_bairro":"3548500013","bairro":"Vila Belmiro","area_km2":0.6337942},"geometry":{"type":"Polygon","coordinates":[[[-46.332125,-23.952546],[-46.332691,-23.952676],[-46.333227,-23.952781],[-46.33391,-23.952911],[-46.334085,-23.952977],[-46.334561,-23.953061],[-46.335718,-23.953303],[-46.336793,-23.953521],[-46.337235,-23.953641],[-46.337346,-23.95365],[-46.337482,-23.953661],[-46.338685,-23.953925],[-46.338972,-23.953968],[-46.339951,-23.954188],[-46.341101,-23.954441],[-46.342099,-23.954631],[-46.343259,-23.9549],[-46.344232,-23.955109],[-46.344365,-23.95514],[-46.344358,-23.955101],[-46.344334,-23.954968],[-46.344212,-23.953939],[-46.344086,-23.952872],[-46.343973,-23.952138],[-46.343885,-23.952018],[-46.343765,-23.951858],[-46.343688,-23.951828],[-46.343568,-23.951747],[-46.343436,-23.951658],[-46.342922,-23.951348],[-46.3425119,-23.9510712],[-46.342479,-23.951049],[-46.3424441,-23.9510298],[-46.3424047,-23.951008],[-46.342352,-23.950979],[-46.3423097,-23.9509489],[-46.3422429,-23.9509014],[-46.34221,-23.950878],[-46.3421762,-23.9508564],[-46.341554,-23.950458],[-46.341208,-23.950258],[-46.34094,-23.950102],[-46.340263,-23.949648],[-46.3393069,-23.9490611],[-46.3381831,-23.9483711],[-46.338134,-23.948341],[-46.337977,-23.948361],[-46.337077,-23.948502],[-46.33688,-23.948506],[-46.336751,-23.948509],[-46.336604,-23.948526],[-46.334254,-23.948851],[-46.333011,-23.949006],[-46.331868,-23.949184],[-46.330747,-23.949327],[-46.330655,-23.949342],[-46.33066,-23.949378],[-46.3308583,-23.950867],[-46.330863,-23.950902],[-46.3308681,-23.950938],[-46.3310599,-23.95229],[-46.331065,-23.952326],[-46.331164,-23.952339],[-46.332125,-23.952546]]]}},{"type":"Feature","properties":{"cd_bairro":"3548500014","bairro":"Vila Matias","area_km2":1.4596794},"geometry":{"type":"Polygon","coordinates":[[[-46.327134,-23.949771],[-46.328322,-23.949614],[-46.329508,-23.94948],[-46.330582,-23.949353],[-46.330655,-23.949342],[-46.330747,-23.949327],[-46.331868,-23.949184],[-46.333011,-23.949006],[-46.334254,-23.948851],[-46.336604,-23.948526],[-46.336751,-23.948509],[-46.33688,-23.948506],[-46.337077,-23.948502],[-46.337977,-23.948361],[-46.338134,-23.948341],[-46.338051,-23.9482892],[-46.3366895,-23.9474075],[-46.336466,-23.9472598],[-46.3359849,-23.9469493],[-46.335952,-23.946928],[-46.335919,-23.9469089],[-46.335812,-23.946847],[-46.335819,-23.946794],[-46.335824,-23.946756],[-46.3357911,-23.9466991],[-46.335671,-23.946491],[-46.3348479,-23.94366],[-46.334838,-23.943626],[-46.334833,-23.94359],[-46.3348149,-23.943459],[-46.33481,-23.943424],[-46.3348077,-23.943388],[-46.3347731,-23.9430135],[-46.3347532,-23.942527],[-46.334751,-23.942491],[-46.334639,-23.942503],[-46.334601,-23.942471],[-46.334584,-23.942388],[-46.334366,-23.9420849],[-46.3341624,-23.9420739],[-46.333938,-23.942054],[-46.3337988,-23.9415892],[-46.3324378,-23.941715],[-46.3321302,-23.94199],[-46.331772,-23.942007],[-46.3316315,-23.9418549],[-46.3306247,-23.941969],[-46.3300328,-23.9418782],[-46.3295434,-23.9417756],[-46.3288815,-23.9418199],[-46.3284853,-23.9419061],[-46.3282686,-23.9418898],[-46.3280332,-23.9417826],[-46.3276533,-23.9416428],[-46.3272676,-23.9416122],[-46.3268773,-23.9415449],[-46.3266726,-23.9414818],[-46.3265813,-23.941426],[-46.3264112,-23.9413818],[-46.326304,-23.9411301],[-46.3261735,-23.9409017],[-46.326298,-23.94077],[-46.326018,-23.9407823],[-46.32598,-23.940784],[-46.326104,-23.941904],[-46.3263,-23.943425],[-46.325179,-23.94357],[-46.325174,-23.943504],[-46.3233162,-23.943678],[-46.323273,-23.943682],[-46.323083,-23.943742],[-46.322929,-23.943712],[-46.321492,-23.943217],[-46.320187,-23.942746],[-46.320095,-23.9429687],[-46.3194566,-23.9427379],[-46.3187025,-23.942798],[-46.3184834,-23.9428109],[-46.318057,-23.9428361],[-46.31757,-23.942875],[-46.3174717,-23.9428817],[-46.3174096,-23.9428861],[-46.317503,-23.943478],[-46.3175444,-23.9439057],[-46.3176643,-23.9451451],[-46.317743,-23.945958],[-46.317739,-23.9460871],[-46.31798,-23.948311],[-46.31809,-23.949527],[-46.31817,-23.950599],[-46.319487,-23.950526],[-46.320775,-23.95041],[-46.322156,-23.950285],[-46.32379,-23.950103],[-46.324224,-23.950033],[-46.324996,-23.949977],[-46.325622,-23.949913],[-46.325848,-23.949867],[-46.327134,-23.949771]]]}},{"type":"Feature","properties":{"cd_bairro":"3548500015","bairro":"Vila Nova","area_km2":0.4867688},"geometry":{"type":"Polygon","coordinates":[[[-46.317291,-23.9420944],[-46.3174096,-23.9428861],[-46.3174717,-23.9428817],[-46.31757,-23.942875],[-46.318057,-23.9428361],[-46.3184834,-23.9428109],[-46.3187025,-23.942798],[-46.3194566,-23.9427379],[-46.320095,-23.9429687],[-46.320187,-23.942746],[-46.321492,-23.943217],[-46.322929,-23.943712],[-46.323083,-23.943742],[-46.323273,-23.943682],[-46.3233162,-23.943678],[-46.325174,-23.943504],[-46.325179,-23.94357],[-46.3263,-23.943425],[-46.326104,-23.941904],[-46.32598,-23.940784],[-46.325884,-23.939923],[-46.325848,-23.939641],[-46.325682,-23.93834],[-46.325678,-23.938123],[-46.325582,-23.937467],[-46.324648,-23.937628],[-46.323885,-23.937775],[-46.322667,-23.938044],[-46.3210115,-23.9383981],[-46.318916,-23.938815],[-46.317213,-23.939199],[-46.316493,-23.939314],[-46.3165502,-23.9395672],[-46.3168268,-23.9400239],[-46.3168403,-23.9400196],[-46.3168808,-23.9400116],[-46.3169213,-23.9400038],[-46.3172426,-23.9399715],[-46.31728,-23.939964],[-46.317331,-23.940255],[-46.3175464,-23.9409692],[-46.317557,-23.941004],[-46.317588,-23.941233],[-46.3175491,-23.9412382],[-46.3172774,-23.9412776],[-46.3172378,-23.9412813],[-46.3171982,-23.9412868],[-46.317178,-23.9412894],[-46.317291,-23.9420944]]]}},{"type":"Feature","properties":{"cd_bairro":"3548500016","bairro":"Paquetá","area_km2":0.3822138},"geometry":{"type":"Polygon","coordinates":[[[-46.3210115,-23.9383981],[-46.322667,-23.938044],[-46.322554,-23.936989],[-46.322401,-23.935913],[-46.322257,-23.934667],[-46.322079,-23.933249],[-46.322026,-23.932681],[-46.320831,-23.932933],[-46.320439,-23.933065],[-46.319524,-23.933386],[-46.318851,-23.933645],[-46.317735,-23.934014],[-46.31648,-23.934496],[-46.3161323,-23.9346378],[-46.3159234,-23.9347197],[-46.3157509,-23.9347846],[-46.3156227,-23.9349481],[-46.3154829,-23.9351136],[-46.3154921,-23.9353272],[-46.3154954,-23.9353806],[-46.3154986,-23.9354804],[-46.3155085,-23.9356997],[-46.3155164,-23.9358919],[-46.3156078,-23.9363573],[-46.3157659,-23.9372468],[-46.3159467,-23.9381826],[-46.3159982,-23.9383526],[-46.316243,-23.938311],[-46.316493,-23.939314],[-46.317213,-23.939199],[-46.318916,-23.938815],[-46.3210115,-23.9383981]]]}},{"type":"Feature","properties":{"cd_bairro":"3548500017","bairro":"Centro","area_km2":0.7820885},"geometry":{"type":"Polygon","coordinates":[[[-46.322079,-23.933249],[-46.322257,-23.934667],[-46.322401,-23.935913],[-46.322554,-23.936989],[-46.322667,-23.938044],[-46.323885,-23.937775],[-46.324648,-23.937628],[-46.325582,-23.937467],[-46.325678,-23.938123],[-46.325682,-23.93834],[-46.325848,-23.939641],[-46.325884,-23.939923],[-46.32598,-23.940784],[-46.326018,-23.9407823],[-46.326298,-23.94077],[-46.326297,-23.9407118],[-46.3263388,-23.9407053],[-46.3264044,-23.9406581],[-46.3263787,-23.9404784],[-46.3264872,-23.9404656],[-46.3264741,-23.9404088],[-46.3265239,-23.9404016],[-46.3266675,-23.9403808],[-46.3266327,-23.9402203],[-46.3266023,-23.9400802],[-46.3266326,-23.939994],[-46.326591,-23.93981],[-46.3265809,-23.9397463],[-46.3265129,-23.9397408],[-46.3264868,-23.939742],[-46.3264135,-23.9397446],[-46.3263273,-23.9394743],[-46.326501,-23.939453],[-46.3265697,-23.9394253],[-46.3266139,-23.9393414],[-46.326632,-23.939257],[-46.326696,-23.939138],[-46.326687,-23.939018],[-46.326679,-23.938877],[-46.326675,-23.938701],[-46.326718,-23.938504],[-46.326938,-23.938413],[-46.327152,-23.938312],[-46.327523,-23.938171],[-46.3281148,-23.9380527],[-46.3282826,-23.9379362],[-46.3283758,-23.9379268],[-46.3285759,-23.9378494],[-46.3285825,-23.9378419],[-46.3286026,-23.9378286],[-46.3286574,-23.9377927],[-46.3286469,-23.9377312],[-46.3286929,-23.9377277],[-46.3287583,-23.9377291],[-46.3288006,-23.9375779],[-46.329188,-23.9374974],[-46.3292649,-23.9373972],[-46.3293371,-23.9373273],[-46.3294816,-23.9373343],[-46.3295841,-23.9374019],[-46.3296727,-23.9371735],[-46.3298055,-23.9370313],[-46.3299477,-23.937001],[-46.3300502,-23.9370244],[-46.3306049,-23.9372248],[-46.3308752,-23.9372294],[-46.330802,-23.937093],[-46.331181,-23.937034],[-46.331217,-23.937083],[-46.33125,-23.937126],[-46.331341,-23.937187],[-46.331438,-23.937201],[-46.331715,-23.937233],[-46.331719,-23.936958],[-46.331814,-23.937016],[-46.331905,-23.937049],[-46.332022,-23.937073],[-46.332144,-23.937094],[-46.332337,-23.937018],[-46.332524,-23.936911],[-46.332733,-23.936727],[-46.333004,-23.936486],[-46.333373,-23.936182],[-46.333951,-23.935691],[-46.334929,-23.934713],[-46.335285,-23.934422],[-46.335501,-23.934243],[-46.3354676,-23.9342224],[-46.3353798,-23.9341682],[-46.335347,-23.934148],[-46.335192,-23.933917],[-46.335064,-23.933813],[-46.334566,-23.933095],[-46.3345641,-23.9330922],[-46.334241,-23.932604],[-46.333859,-23.931877],[-46.333525,-23.931526],[-46.333435,-23.931333],[-46.333014,-23.930718],[-46.3329974,-23.9306746],[-46.3328816,-23.930754],[-46.3327697,-23.9308166],[-46.3326141,-23.9308776],[-46.3325465,-23.9309089],[-46.332493,-23.9309752],[-46.331744,-23.9313031],[-46.331388,-23.9314545],[-46.3310292,-23.9315827],[-46.33086,-23.931625],[-46.33065,-23.9316607],[-46.3301589,-23.9317314],[-46.3301052,-23.9316948],[-46.3297367,-23.931734],[-46.3294408,-23.9317638],[-46.3292765,-23.9318045],[-46.3291303,-23.9318474],[-46.3288417,-23.9319172],[-46.3284971,-23.9319739],[-46.3281562,-23.9320285],[-46.327901,-23.9320764],[-46.3276894,-23.9321099],[-46.327481,-23.932167],[-46.32691,-23.932256],[-46.32613,-23.932278],[-46.325196,-23.932308],[-46.324219,-23.93236],[-46.323805,-23.932378],[-46.3235924,-23.9323819],[-46.323372,-23.932386],[-46.323144,-23.932437],[-46.322707,-23.932555],[-46.322356,-23.932626],[-46.322026,-23.932681],[-46.322079,-23.933249]]]}},{"type":"Feature","properties":{"cd_bairro":"3548500018","bairro":"Valongo","area_km2":0.1356567},"geometry":{"type":"Polygon","coordinates":[[[-46.3346304,-23.9298068],[-46.3330986,-23.9306169],[-46.3330584,-23.9306417],[-46.333014,-23.930718],[-46.333435,-23.931333],[-46.333525,-23.931526],[-46.333859,-23.931877],[-46.334241,-23.932604],[-46.3345641,-23.9330922],[-46.33458,-23.933046],[-46.336045,-23.932349],[-46.336563,-23.932098],[-46.337232,-23.931773],[-46.338075,-23.931358],[-46.338229,-23.931279],[-46.3388031,-23.9310222],[-46.339081,-23.930798],[-46.3392998,-23.9306425],[-46.339612,-23.930458],[-46.339784,-23.9303836],[-46.339857,-23.930352],[-46.3398359,-23.930321],[-46.3393364,-23.9294026],[-46.338771,-23.9295596],[-46.335038,-23.930494],[-46.3346304,-23.9298068]]]}},{"type":"Feature","properties":{"cd_bairro":"3548500019","bairro":"Monte Serrat","area_km2":0.3347651},"geometry":{"type":"Polygon","coordinates":[[[-46.3265809,-23.9397463],[-46.326591,-23.93981],[-46.3266326,-23.939994],[-46.3266023,-23.9400802],[-46.3266327,-23.9402203],[-46.3266675,-23.9403808],[-46.3265239,-23.9404016],[-46.3264741,-23.9404088],[-46.3264872,-23.9404656],[-46.3263787,-23.9404784],[-46.3264044,-23.9406581],[-46.3263388,-23.9407053],[-46.326297,-23.9407118],[-46.326298,-23.94077],[-46.3261735,-23.9409017],[-46.326304,-23.9411301],[-46.3264112,-23.9413818],[-46.3265813,-23.941426],[-46.3266726,-23.9414818],[-46.3268773,-23.9415449],[-46.3272676,-23.9416122],[-46.3276533,-23.9416428],[-46.3280332,-23.9417826],[-46.3282686,-23.9418898],[-46.3284853,-23.9419061],[-46.3288815,-23.9418199],[-46.3295434,-23.9417756],[-46.3300328,-23.9418782],[-46.3306247,-23.941969],[-46.3316315,-23.9418549],[-46.331772,-23.942007],[-46.3321302,-23.94199],[-46.3324378,-23.941715],[-46.3337988,-23.9415892],[-46.333938,-23.942054],[-46.3341624,-23.9420739],[-46.334366,-23.9420849],[-46.3344094,-23.9419574],[-46.3344094,-23.9417337],[-46.3343768,-23.9416265],[-46.3343302,-23.9415006],[-46.3343302,-23.941426],[-46.334324,-23.941329],[-46.3343675,-23.9412909],[-46.334294,-23.941045],[-46.334305,-23.940892],[-46.334239,-23.940723],[-46.33416,-23.9404484],[-46.3340528,-23.94022],[-46.3339468,-23.9399345],[-46.3338845,-23.9397055],[-46.3337543,-23.9397867],[-46.333708,-23.93976],[-46.333673,-23.939726],[-46.333631,-23.939705],[-46.333564,-23.93969],[-46.333419,-23.939648],[-46.333376,-23.939594],[-46.333366,-23.939543],[-46.333374,-23.939472],[-46.333413,-23.939293],[-46.333415,-23.939199],[-46.333395,-23.939092],[-46.333324,-23.93889],[-46.333239,-23.938723],[-46.333087,-23.938508],[-46.332907,-23.938327],[-46.332829,-23.938263],[-46.332704,-23.938197],[-46.33253,-23.938094],[-46.3322386,-23.937826],[-46.3320549,-23.9377074],[-46.3321003,-23.937483],[-46.3321176,-23.9372737],[-46.331715,-23.937233],[-46.331438,-23.937201],[-46.331341,-23.937187],[-46.33125,-23.937126],[-46.331217,-23.937083],[-46.331181,-23.937034],[-46.330802,-23.937093],[-46.3308752,-23.9372294],[-46.3306049,-23.9372248],[-46.3300502,-23.9370244],[-46.3299477,-23.937001],[-46.3298055,-23.9370313],[-46.3296727,-23.9371735],[-46.3295841,-23.9374019],[-46.3294816,-23.9373343],[-46.3293371,-23.9373273],[-46.3292649,-23.9373972],[-46.329188,-23.9374974],[-46.3288006,-23.9375779],[-46.3287583,-23.9377291],[-46.3286929,-23.9377277],[-46.3286469,-23.9377312],[-46.3286574,-23.9377927],[-46.3286026,-23.9378286],[-46.3285825,-23.9378419],[-46.3285759,-23.9378494],[-46.3283758,-23.9379268],[-46.3282826,-23.9379362],[-46.3281148,-23.9380527],[-46.327523,-23.938171],[-46.327152,-23.938312],[-46.326938,-23.938413],[-46.326718,-23.938504],[-46.326675,-23.938701],[-46.326679,-23.938877],[-46.326687,-23.939018],[-46.326696,-23.939138],[-46.326632,-23.939257],[-46.3266139,-23.9393414],[-46.3265697,-23.9394253],[-46.326501,-23.939453],[-46.3263273,-23.9394743],[-46.3264135,-23.9397446],[-46.3264868,-23.939742],[-46.3265129,-23.9397408],[-46.3265809,-23.9397463]]]}},{"type":"Feature","properties":{"cd_bairro":"3548500020","bairro":"Saboó","area_km2":0.6669514},"geometry":{"type":"Polygon","coordinates":[[[-46.355003,-23.933734],[-46.3550429,-23.9337342],[-46.3554754,-23.9334411],[-46.3566035,-23.9327594],[-46.3566689,-23.9327299],[-46.3568749,-23.9327921],[-46.3569403,-23.9329098],[-46.3570285,-23.9329784],[-46.357143,-23.9330177],[-46.3572411,-23.9330602],[-46.3572738,-23.9330798],[-46.3573106,-23.9331088],[-46.3573749,-23.9331608],[-46.3574154,-23.9332044],[-46.357458,-23.933222],[-46.357606,-23.933408],[-46.3576293,-23.9334407],[-46.3576524,-23.9334721],[-46.357714,-23.933556],[-46.35777,-23.933791],[-46.35788,-23.933964],[-46.357991,-23.934082],[-46.358101,-23.934268],[-46.358203,-23.93438],[-46.358325,-23.93454],[-46.3584341,-23.9343974],[-46.358462,-23.934361],[-46.358378,-23.934206],[-46.358293,-23.93387],[-46.358188,-23.933692],[-46.358067,-23.933521],[-46.357878,-23.933311],[-46.357738,-23.933074],[-46.357539,-23.932769],[-46.3574975,-23.9326835],[-46.357487,-23.932662],[-46.35714,-23.932296],[-46.3570901,-23.932235],[-46.3567592,-23.9317889],[-46.35674,-23.931763],[-46.3567142,-23.9317299],[-46.356055,-23.930885],[-46.355713,-23.93045],[-46.3554132,-23.930095],[-46.355387,-23.930064],[-46.3553639,-23.930032],[-46.3552867,-23.929925],[-46.355265,-23.929895],[-46.355263,-23.929892],[-46.354054,-23.930059],[-46.352814,-23.930223],[-46.352436,-23.930275],[-46.351184,-23.930454],[-46.350316,-23.930585],[-46.349614,-23.930686],[-46.349031,-23.930767],[-46.348874,-23.93078],[-46.348523,-23.930786],[-46.348062,-23.930785],[-46.34771,-23.930734],[-46.347365,-23.930622],[-46.3468957,-23.9303632],[-46.346588,-23.930173],[-46.346292,-23.92998],[-46.346027,-23.929822],[-46.345801,-23.929716],[-46.345579,-23.929667],[-46.345307,-23.929588],[-46.344156,-23.929419],[-46.343612,-23.929349],[-46.343196,-23.929319],[-46.34273,-23.929318],[-46.342328,-23.929308],[-46.342167,-23.929316],[-46.341923,-23.929368],[-46.341707,-23.929441],[-46.3403972,-23.9300926],[-46.340412,-23.9301257],[-46.340438,-23.9301739],[-46.3404534,-23.930207],[-46.3404732,-23.9302377],[-46.340627,-23.9304756],[-46.340743,-23.930703],[-46.3409171,-23.9308855],[-46.3409806,-23.9309517],[-46.3411167,-23.9310786],[-46.3411946,-23.9310794],[-46.3412379,-23.9310799],[-46.3412392,-23.93108],[-46.3412503,-23.9310814],[-46.3412623,-23.9310803],[-46.3415654,-23.9310533],[-46.3416288,-23.930987],[-46.341898,-23.9306456],[-46.341936,-23.930551],[-46.341943,-23.930517],[-46.3419424,-23.9304842],[-46.341903,-23.93041],[-46.3418751,-23.9303569],[-46.3419256,-23.930319],[-46.3420954,-23.9301916],[-46.3421505,-23.9301462],[-46.3422066,-23.9300999],[-46.3422803,-23.9300252],[-46.3423959,-23.9299421],[-46.3424324,-23.9300203],[-46.3425101,-23.9301335],[-46.3440535,-23.9296273],[-46.344337,-23.929681],[-46.344558,-23.929781],[-46.34471,-23.92984],[-46.34489,-23.92982],[-46.345103,-23.929826],[-46.345429,-23.92986],[-46.345671,-23.929914],[-46.345942,-23.930036],[-46.346001,-23.930165],[-46.345973,-23.93023],[-46.345866,-23.93025],[-46.345743,-23.930248],[-46.345708,-23.930358],[-46.345697,-23.93045],[-46.345624,-23.930524],[-46.345501,-23.930562],[-46.345387,-23.930596],[-46.345278,-23.930657],[-46.3452773,-23.93068],[-46.3452752,-23.930752],[-46.345273,-23.930825],[-46.345234,-23.9309455],[-46.3452335,-23.930947],[-46.3453446,-23.9310295],[-46.3453983,-23.9309632],[-46.3454446,-23.9309914],[-46.3455963,-23.9310538],[-46.3455789,-23.9310791],[-46.3456074,-23.9310905],[-46.3456848,-23.9311219],[-46.3460905,-23.9312897],[-46.3461042,-23.9312942],[-46.3459365,-23.9315751],[-46.3458656,-23.9316262],[-46.3458692,-23.9316312],[-46.3458741,-23.9316379],[-46.3458816,-23.9316484],[-46.3459425,-23.931727],[-46.3458464,-23.9318356],[-46.3457212,-23.9319792],[-46.3456074,-23.9320936],[-46.3455131,-23.9321766],[-46.3454241,-23.9322267],[-46.3453682,-23.9322474],[-46.3453357,-23.9322526],[-46.3452639,-23.932264],[-46.3452493,-23.9322663],[-46.3452474,-23.9322666],[-46.3452357,-23.9322718],[-46.3451989,-23.9322879],[-46.3451161,-23.9323242],[-46.3450171,-23.9323852],[-46.3449783,-23.9324243],[-46.3449559,-23.9324755],[-46.3449449,-23.9325171],[-46.3449497,-23.9325637],[-46.3449679,-23.9325915],[-46.3450002,-23.9326183],[-46.3450741,-23.9326603],[-46.3454227,-23.9327892],[-46.3454264,-23.9327906],[-46.3455214,-23.9330708],[-46.345487,-23.9332032],[-46.3454223,-23.9331826],[-46.3453743,-23.9332673],[-46.3453098,-23.9332566],[-46.3452301,-23.9333521],[-46.3451299,-23.9334886],[-46.3450431,-23.9335773],[-46.3450468,-23.9338138],[-46.3449262,-23.9341949],[-46.3450426,-23.9342395],[-46.3450581,-23.934247],[-46.3452429,-23.9343208],[-46.3451906,-23.9344664],[-46.3451888,-23.93466],[-46.3452206,-23.9347239],[-46.3452393,-23.9347601],[-46.345337,-23.934732],[-46.3453883,-23.9347815],[-46.3455545,-23.9349574],[-46.345479,-23.934994],[-46.3454352,-23.9350437],[-46.3453901,-23.9350949],[-46.3453313,-23.9351615],[-46.3453771,-23.9352449],[-46.3455307,-23.9352049],[-46.3456048,-23.9351841],[-46.3456996,-23.9353049],[-46.3456863,-23.9353963],[-46.3456697,-23.9354056],[-46.345546,-23.935475],[-46.3453334,-23.9355565],[-46.3453852,-23.9357222],[-46.3455026,-23.9358326],[-46.3456539,-23.9360492],[-46.3459442,-23.9363317],[-46.3461568,-23.9364431],[-46.3463381,-23.936466],[-46.3465731,-23.936507],[-46.346727,-23.9365421],[-46.3468861,-23.9364376],[-46.3470834,-23.9364376],[-46.3473329,-23.9364122],[-46.347524,-23.936321],[-46.347603,-23.936234],[-46.34768,-23.936178],[-46.3478568,-23.9360833],[-46.3479449,-23.9359639],[-46.3480028,-23.9358992],[-46.348051,-23.935867],[-46.348113,-23.935784],[-46.34843,-23.9354089],[-46.3484637,-23.9353929],[-46.3484858,-23.9353772],[-46.348684,-23.9353733],[-46.3489156,-23.9353938],[-46.3490919,-23.93544],[-46.3492458,-23.9354999],[-46.3493762,-23.9355956],[-46.3494506,-23.9356868],[-46.349713,-23.935649],[-46.349862,-23.935643],[-46.350005,-23.935659],[-46.350254,-23.9358187],[-46.3504393,-23.9360876],[-46.3505677,-23.9363405],[-46.3508402,-23.936373],[-46.3508591,-23.9362176],[-46.3509771,-23.936119],[-46.3510802,-23.9359382],[-46.3512535,-23.9358291],[-46.3513809,-23.9357486],[-46.3514453,-23.9357079],[-46.3515792,-23.9356737],[-46.351778,-23.9355288],[-46.351968,-23.935346],[-46.352112,-23.935245],[-46.352338,-23.935235],[-46.3527191,-23.9352799],[-46.3528764,-23.935282],[-46.352977,-23.93528],[-46.353171,-23.935287],[-46.353295,-23.935343],[-46.3535169,-23.9353008],[-46.3537686,-23.9351504],[-46.3538242,-23.934928],[-46.3538406,-23.9347645],[-46.3538406,-23.9346762],[-46.3542624,-23.9344899],[-46.3546089,-23.9343231],[-46.3547267,-23.9342283],[-46.354836,-23.934138],[-46.354867,-23.934115],[-46.354802,-23.934051],[-46.354739,-23.933972],[-46.354738,-23.933919],[-46.35478,-23.933859],[-46.354872,-23.933817],[-46.354956,-23.933776],[-46.355003,-23.933734]]]}},{"type":"Feature","properties":{"cd_bairro":"3548500021","bairro":"Alemoa","area_km2":2.569361},"geometry":{"type":"Polygon","coordinates":[[[-46.396217,-23.9248563],[-46.3979015,-23.9239214],[-46.3988733,-23.9236133],[-46.3995634,-23.9233973],[-46.4000134,-23.9229764],[-46.4005637,-23.9224616],[-46.401299,-23.921599],[-46.401486,-23.920833],[-46.401453,-23.9202],[-46.401059,-23.919762],[-46.400352,-23.919302],[-46.399752,-23.91914],[-46.3983125,-23.9190666],[-46.3966066,-23.9192539],[-46.394893,-23.919297],[-46.3926611,-23.9195074],[-46.388881,-23.91955],[-46.383891,-23.920717],[-46.382165,-23.920543],[-46.381286,-23.920222],[-46.380595,-23.919779],[-46.3807507,-23.9221201],[-46.3807557,-23.922195],[-46.3807748,-23.9224996],[-46.377069,-23.9230409],[-46.371933,-23.9237954],[-46.369068,-23.9242484],[-46.3657621,-23.9247662],[-46.365624,-23.924763],[-46.365578,-23.924733],[-46.3655419,-23.9247405],[-46.36554,-23.92474],[-46.3631485,-23.9251101],[-46.3631321,-23.9252972],[-46.363094,-23.925303],[-46.3629511,-23.9254134],[-46.3629075,-23.9254631],[-46.3628786,-23.9255261],[-46.3628629,-23.9255966],[-46.362865,-23.925673],[-46.362405,-23.925779],[-46.36234,-23.92556],[-46.3624511,-23.925504],[-46.362395,-23.9251946],[-46.3623048,-23.9246462],[-46.3622686,-23.9243209],[-46.3620497,-23.9243638],[-46.361585,-23.924454],[-46.3614715,-23.9244688],[-46.361089,-23.924517],[-46.359293,-23.924825],[-46.3570827,-23.925216],[-46.356235,-23.925366],[-46.355621,-23.9254707],[-46.353456,-23.925848],[-46.3487898,-23.926636],[-46.3487951,-23.9266721],[-46.3487747,-23.9269114],[-46.3487712,-23.9269507],[-46.3489181,-23.9278256],[-46.3489722,-23.9280487],[-46.3490627,-23.9286406],[-46.3492057,-23.929331],[-46.3492498,-23.9296021],[-46.3493876,-23.9301337],[-46.349558,-23.930398],[-46.349607,-23.93065],[-46.349614,-23.930686],[-46.350316,-23.930585],[-46.351184,-23.930454],[-46.352436,-23.930275],[-46.352814,-23.930223],[-46.354054,-23.930059],[-46.355263,-23.929892],[-46.355622,-23.929843],[-46.356455,-23.929628],[-46.357553,-23.929479],[-46.35872,-23.929293],[-46.359446,-23.929174],[-46.365156,-23.928322],[-46.368272,-23.92786],[-46.37044,-23.927526],[-46.372022,-23.927285],[-46.373879,-23.927031],[-46.375828,-23.926721],[-46.377378,-23.926525],[-46.377618,-23.926521],[-46.3776364,-23.9265207],[-46.377923,-23.9265159],[-46.378214,-23.926511],[-46.379601,-23.926443],[-46.38025,-23.926437],[-46.380808,-23.926432],[-46.3822264,-23.926475],[-46.384161,-23.926679],[-46.385109,-23.926788],[-46.3851071,-23.926751],[-46.385093,-23.926479],[-46.3849161,-23.9255209],[-46.3852338,-23.9254515],[-46.3853107,-23.9254347],[-46.3853665,-23.9254225],[-46.3870442,-23.9251604],[-46.3871209,-23.9251484],[-46.3891498,-23.9248589],[-46.3898387,-23.9247607],[-46.3901108,-23.9246996],[-46.3902957,-23.9246729],[-46.390489,-23.9246451],[-46.3916261,-23.9244729],[-46.3924975,-23.9243624],[-46.3933136,-23.9242944],[-46.3941823,-23.9243818],[-46.3951923,-23.9247875],[-46.3956389,-23.9251044],[-46.3956909,-23.9250826],[-46.3957302,-23.9250662],[-46.3957698,-23.9250497],[-46.396217,-23.9248563]]]}},{"type":"Feature","properties":{"cd_bairro":"3548500022","bairro":"Chico de Paula","area_km2":1.6554861},"geometry":{"type":"Polygon","coordinates":[[[-46.359563,-23.9359047],[-46.3596017,-23.9361368],[-46.3599643,-23.9362383],[-46.3601626,-23.9363205],[-46.360386,-23.9363351],[-46.3606099,-23.9362456],[-46.3607114,-23.9360038],[-46.3608081,-23.9358394],[-46.3610257,-23.9358781],[-46.3612433,-23.9360908],[-46.3615192,-23.9361655],[-46.3615836,-23.9363627],[-46.3618816,-23.9367678],[-46.362164,-23.937083],[-46.362393,-23.93715],[-46.362542,-23.937491],[-46.362638,-23.937583],[-46.362727,-23.937609],[-46.362814,-23.937668],[-46.3628962,-23.9377647],[-46.3630153,-23.937816],[-46.36312,-23.937823],[-46.363157,-23.937814],[-46.363341,-23.938134],[-46.3634976,-23.9383783],[-46.363624,-23.938575],[-46.363818,-23.938889],[-46.364167,-23.939535],[-46.364299,-23.939809],[-46.364389,-23.940021],[-46.3644258,-23.9401629],[-46.364437,-23.940206],[-46.3645051,-23.9402982],[-46.364536,-23.94034],[-46.3645946,-23.9402985],[-46.364645,-23.940261],[-46.365108,-23.939901],[-46.365549,-23.939543],[-46.365979,-23.939181],[-46.366414,-23.938784],[-46.366867,-23.938401],[-46.367294,-23.9380236],[-46.367528,-23.937796],[-46.367681,-23.937692],[-46.3676726,-23.9376609],[-46.3676181,-23.9374722],[-46.3675934,-23.9373625],[-46.367572,-23.937281],[-46.367576,-23.937242],[-46.367591,-23.937198],[-46.367633,-23.937173],[-46.367876,-23.937093],[-46.368065,-23.937026],[-46.3685,-23.936586],[-46.368917,-23.936157],[-46.369344,-23.935731],[-46.369601,-23.935471],[-46.36983,-23.935259],[-46.370356,-23.934699],[-46.370516,-23.934524],[-46.370571,-23.934487],[-46.370648,-23.934455],[-46.370929,-23.934419],[-46.371601,-23.934304],[-46.372205,-23.93417],[-46.3722479,-23.9341629],[-46.372361,-23.9341239],[-46.3724756,-23.9340716],[-46.3724528,-23.9339768],[-46.3724414,-23.9338859],[-46.3724376,-23.9337531],[-46.3724794,-23.9336356],[-46.3726234,-23.9334953],[-46.3727523,-23.9334005],[-46.3729078,-23.9332906],[-46.3730253,-23.9332185],[-46.373105,-23.9332072],[-46.3731505,-23.9332451],[-46.3732377,-23.9332678],[-46.3733173,-23.9332261],[-46.3733173,-23.9331844],[-46.3733628,-23.9331313],[-46.3733969,-23.93312],[-46.3734841,-23.9330972],[-46.3736358,-23.933101],[-46.3737495,-23.93312],[-46.3738102,-23.9331617],[-46.3738405,-23.9331692],[-46.3738936,-23.9331806],[-46.3740149,-23.9332602],[-46.374087,-23.9332944],[-46.3742197,-23.9333399],[-46.3742917,-23.9333588],[-46.3744131,-23.9333967],[-46.3745458,-23.9334119],[-46.3746026,-23.9334005],[-46.3747202,-23.9334005],[-46.3748756,-23.9334195],[-46.3750007,-23.9334347],[-46.3751335,-23.9334384],[-46.3752889,-23.9334347],[-46.3753534,-23.9334536],[-46.375505,-23.9334688],[-46.3756188,-23.9334953],[-46.3757363,-23.9335674],[-46.3760662,-23.9336091],[-46.3762178,-23.9336129],[-46.3764567,-23.9336318],[-46.3766804,-23.9336432],[-46.3767638,-23.9336394],[-46.377226,-23.9335851],[-46.3774317,-23.933568],[-46.3780591,-23.9335265],[-46.3783696,-23.9334783],[-46.3785515,-23.9333948],[-46.3788245,-23.9333493],[-46.3789657,-23.9332945],[-46.3791938,-23.9332919],[-46.379457,-23.933234],[-46.3798175,-23.933159],[-46.3795872,-23.9329905],[-46.3792054,-23.9326311],[-46.379023,-23.932191],[-46.3790369,-23.9319292],[-46.3788909,-23.9317551],[-46.3786243,-23.9316141],[-46.3783814,-23.9313765],[-46.3779115,-23.9312973],[-46.3774257,-23.931292],[-46.3770191,-23.931292],[-46.3768185,-23.9313976],[-46.3766548,-23.9315191],[-46.3764463,-23.9315496],[-46.3763433,-23.9315613],[-46.376198,-23.9315912],[-46.3760951,-23.9316247],[-46.3758377,-23.9316398],[-46.3751975,-23.9316775],[-46.3747064,-23.9315877],[-46.374284,-23.9315085],[-46.373716,-23.931521],[-46.373415,-23.931432],[-46.3728531,-23.9314451],[-46.3725996,-23.9313607],[-46.371966,-23.9312234],[-46.3716069,-23.9311917],[-46.3712373,-23.9312867],[-46.3709311,-23.9313079],[-46.3704664,-23.9314135],[-46.3700018,-23.9315402],[-46.3696638,-23.9318042],[-46.3693206,-23.9320788],[-46.368952,-23.932442],[-46.368812,-23.932282],[-46.3688134,-23.9322803],[-46.368887,-23.932193],[-46.36897,-23.932089],[-46.369174,-23.931829],[-46.36955,-23.931514],[-46.369848,-23.931308],[-46.370092,-23.931152],[-46.370442,-23.930958],[-46.370743,-23.930819],[-46.371167,-23.930611],[-46.371464,-23.930503],[-46.371902,-23.930408],[-46.372273,-23.930431],[-46.37258,-23.930465],[-46.372952,-23.930534],[-46.373358,-23.930657],[-46.373748,-23.930757],[-46.37412,-23.930894],[-46.37453,-23.9308001],[-46.3748607,-23.9309973],[-46.3754015,-23.9306565],[-46.375772,-23.9304565],[-46.3761424,-23.9302416],[-46.3765722,-23.9299675],[-46.3768092,-23.9298712],[-46.3771797,-23.929886],[-46.3771501,-23.9300119],[-46.3771718,-23.9300182],[-46.3771936,-23.9300245],[-46.3773555,-23.9300714],[-46.3777131,-23.9301972],[-46.3780114,-23.930359],[-46.3780327,-23.9298253],[-46.3779717,-23.9296826],[-46.3779758,-23.9292559],[-46.3776884,-23.9270592],[-46.377679,-23.9269873],[-46.3776554,-23.9268072],[-46.377646,-23.9267351],[-46.3776325,-23.9266321],[-46.3776231,-23.92656],[-46.3776184,-23.9265241],[-46.377618,-23.926521],[-46.377378,-23.926525],[-46.375828,-23.926721],[-46.373879,-23.927031],[-46.372022,-23.927285],[-46.37044,-23.927526],[-46.368272,-23.92786],[-46.365156,-23.928322],[-46.359446,-23.929174],[-46.3595178,-23.9292],[-46.3597107,-23.92927],[-46.3598514,-23.9293211],[-46.36005,-23.9293931],[-46.3601217,-23.9294192],[-46.3598645,-23.929876],[-46.3598486,-23.9300037],[-46.3598795,-23.9300825],[-46.359884,-23.9301003],[-46.3599083,-23.9301966],[-46.3598792,-23.9303448],[-46.3598573,-23.9304563],[-46.359785,-23.93072],[-46.359627,-23.931691],[-46.359496,-23.932306],[-46.359364,-23.932902],[-46.359271,-23.933587],[-46.359265,-23.9336336],[-46.3592269,-23.9336128],[-46.357487,-23.932662],[-46.3574975,-23.9326835],[-46.357539,-23.932769],[-46.357738,-23.933074],[-46.357878,-23.933311],[-46.358067,-23.933521],[-46.358188,-23.933692],[-46.358293,-23.93387],[-46.358378,-23.934206],[-46.358462,-23.934361],[-46.358506,-23.934482],[-46.358296,-23.934856],[-46.35822,-23.934994],[-46.358209,-23.93512],[-46.3581946,-23.9352881],[-46.3583203,-23.9355855],[-46.3583541,-23.9357137],[-46.3585258,-23.9357644],[-46.3590698,-23.9358031],[-46.3593551,-23.9358079],[-46.359563,-23.9359047]]]}},{"type":"Feature","properties":{"cd_bairro":"3548500023","bairro":"São Manoel","area_km2":0.5607014},"geometry":{"type":"Polygon","coordinates":[[[-46.3838024,-23.9304919],[-46.384916,-23.9298018],[-46.3855298,-23.9294214],[-46.3865508,-23.9293167],[-46.3869304,-23.9292381],[-46.3875064,-23.9292251],[-46.3882787,-23.9291989],[-46.3888415,-23.929068],[-46.3892212,-23.9289109],[-46.3895746,-23.9285575],[-46.3900066,-23.9281124],[-46.3901611,-23.9279236],[-46.390214,-23.9278589],[-46.3903765,-23.9276959],[-46.390413,-23.9276649],[-46.3904433,-23.927632],[-46.3905869,-23.9275406],[-46.3907427,-23.9275099],[-46.3906632,-23.9274389],[-46.3892677,-23.9273059],[-46.389208,-23.9273],[-46.3885751,-23.9272167],[-46.386639,-23.926962],[-46.385109,-23.926788],[-46.384161,-23.926679],[-46.3822264,-23.926475],[-46.380808,-23.926432],[-46.38025,-23.926437],[-46.379601,-23.926443],[-46.378214,-23.926511],[-46.377923,-23.9265159],[-46.3776364,-23.9265207],[-46.377618,-23.926521],[-46.3776184,-23.9265241],[-46.3776231,-23.92656],[-46.3776325,-23.9266321],[-46.377646,-23.9267351],[-46.3776554,-23.9268072],[-46.377679,-23.9269873],[-46.3776884,-23.9270592],[-46.3779758,-23.9292559],[-46.3779717,-23.9296826],[-46.3780327,-23.9298253],[-46.3780114,-23.930359],[-46.3781328,-23.9306123],[-46.378582,-23.9309886],[-46.3789414,-23.9311458],[-46.3793015,-23.9312321],[-46.3795872,-23.9312637],[-46.3797669,-23.9312637],[-46.379902,-23.931184],[-46.3802742,-23.9313516],[-46.380626,-23.931458],[-46.381223,-23.931973],[-46.3813315,-23.9322121],[-46.381448,-23.9325784],[-46.3815373,-23.9327213],[-46.3816679,-23.9330127],[-46.3817616,-23.9332047],[-46.3819499,-23.9336118],[-46.381823,-23.9337669],[-46.3819696,-23.933984],[-46.382136,-23.9341137],[-46.382433,-23.934536],[-46.3823517,-23.9346297],[-46.382432,-23.9346678],[-46.3825124,-23.9346904],[-46.3827126,-23.9348469],[-46.3827905,-23.9348352],[-46.3830214,-23.9345522],[-46.38323,-23.934462],[-46.3834415,-23.9342364],[-46.3835374,-23.9337007],[-46.3837319,-23.933258],[-46.3836219,-23.9330572],[-46.3834666,-23.9325505],[-46.3836022,-23.9323204],[-46.3838362,-23.9320286],[-46.383949,-23.9315972],[-46.3840815,-23.9312278],[-46.3840167,-23.9306442],[-46.3838024,-23.9304919]]]}},{"type":"Feature","properties":{"cd_bairro":"3548500024","bairro":"Caneleira","area_km2":0.4048089},"geometry":{"type":"Polygon","coordinates":[[[-46.363826,-23.946838],[-46.363875,-23.946845],[-46.363979,-23.946861],[-46.364071,-23.946845],[-46.364153,-23.94683],[-46.364262,-23.946808],[-46.3642695,-23.9468065],[-46.364386,-23.946783],[-46.364567,-23.946701],[-46.364602,-23.9466787],[-46.3650387,-23.9464002],[-46.365237,-23.946278],[-46.367077,-23.945138],[-46.367288,-23.945008],[-46.367686,-23.944782],[-46.3677232,-23.9447707],[-46.3679604,-23.9446985],[-46.368003,-23.944685],[-46.3680432,-23.9446732],[-46.368067,-23.944666],[-46.3678583,-23.9444278],[-46.367834,-23.9444],[-46.3678104,-23.9443702],[-46.3671596,-23.9435463],[-46.3663309,-23.9424972],[-46.366308,-23.942468],[-46.3662839,-23.942439],[-46.36541,-23.941387],[-46.365193,-23.941112],[-46.364785,-23.940595],[-46.3646154,-23.9403276],[-46.3645946,-23.9402985],[-46.364536,-23.94034],[-46.3645051,-23.9402982],[-46.364437,-23.940206],[-46.3644258,-23.9401629],[-46.3642384,-23.9402919],[-46.363574,-23.940337],[-46.363439,-23.940432],[-46.3633904,-23.9404422],[-46.3632447,-23.9404493],[-46.3631183,-23.9404542],[-46.3630806,-23.940456],[-46.3630288,-23.9404583],[-46.3628807,-23.9404715],[-46.36282,-23.9404771],[-46.3625877,-23.940503],[-46.3625778,-23.9405064],[-46.3624403,-23.9405528],[-46.3624204,-23.9405752],[-46.3624423,-23.9407283],[-46.3626736,-23.9410036],[-46.3626075,-23.9410249],[-46.3625466,-23.941028],[-46.3624083,-23.9409863],[-46.3622792,-23.9409325],[-46.3621908,-23.9408765],[-46.3618958,-23.9408382],[-46.3617975,-23.9409481],[-46.3616652,-23.9409123],[-46.3615233,-23.9408722],[-46.3613831,-23.940831],[-46.361204,-23.940781],[-46.3610903,-23.9407465],[-46.3609866,-23.9407208],[-46.3607672,-23.9406975],[-46.3607285,-23.9407803],[-46.3606945,-23.9408852],[-46.3609318,-23.9411717],[-46.3611148,-23.9414741],[-46.3611256,-23.9414769],[-46.361209,-23.9413991],[-46.3613294,-23.9414349],[-46.3618088,-23.941589],[-46.3618834,-23.9420261],[-46.361998,-23.9421527],[-46.3620271,-23.9421848],[-46.362028,-23.9421875],[-46.3620489,-23.9422699],[-46.362065,-23.9423336],[-46.3621291,-23.9425362],[-46.3621879,-23.9427002],[-46.3623,-23.9427978],[-46.3623963,-23.9428405],[-46.3624098,-23.9429023],[-46.3626019,-23.9431105],[-46.362625,-23.943189],[-46.3626474,-23.9433184],[-46.362652,-23.9435095],[-46.3626427,-23.94375],[-46.3625705,-23.9440139],[-46.3623527,-23.9441291],[-46.362186,-23.94428],[-46.361906,-23.944361],[-46.361658,-23.944309],[-46.361403,-23.94425],[-46.3613642,-23.9442672],[-46.361306,-23.944293],[-46.360802,-23.944366],[-46.36036,-23.944471],[-46.359796,-23.944658],[-46.359624,-23.944727],[-46.359514,-23.944819],[-46.359453,-23.944898],[-46.359407,-23.945125],[-46.359386,-23.945544],[-46.359364,-23.945782],[-46.359415,-23.945974],[-46.359604,-23.946334],[-46.359766,-23.94648],[-46.360025,-23.946602],[-46.360186,-23.946691],[-46.360199,-23.946702],[-46.360372,-23.946769],[-46.360421,-23.946791],[-46.360484,-23.946904],[-46.360523,-23.947039],[-46.360524,-23.94713],[-46.360525,-23.947254],[-46.360588,-23.947367],[-46.360724,-23.947467],[-46.360863,-23.947521],[-46.360995,-23.947652],[-46.361153,-23.947723],[-46.361298,-23.947806],[-46.361457,-23.947901],[-46.36164,-23.947995],[-46.361812,-23.948078],[-46.362009,-23.948113],[-46.362087,-23.948124],[-46.362258,-23.948122],[-46.362428,-23.948025],[-46.362585,-23.948059],[-46.3631686,-23.9475204],[-46.3634975,-23.9472169],[-46.363826,-23.946838]]]}},{"type":"Feature","properties":{"cd_bairro":"3548500025","bairro":"Santa Maria","area_km2":0.5812534},"geometry":{"type":"Polygon","coordinates":[[[-46.369712,-23.945606],[-46.370031,-23.945421],[-46.370195,-23.945273],[-46.370583,-23.945035],[-46.370674,-23.944951],[-46.371152,-23.944612],[-46.371281,-23.94453],[-46.371643,-23.944279],[-46.372111,-23.943948],[-46.372353,-23.943799],[-46.372608,-23.943633],[-46.371879,-23.942797],[-46.371987,-23.942695],[-46.372042,-23.942545],[-46.372046,-23.942316],[-46.37203,-23.942282],[-46.372005,-23.942229],[-46.3721398,-23.9421488],[-46.372173,-23.942129],[-46.3722059,-23.9421079],[-46.372622,-23.941841],[-46.3726549,-23.9418199],[-46.3731528,-23.9415007],[-46.373185,-23.94148],[-46.3732175,-23.9414596],[-46.3736591,-23.9411821],[-46.373691,-23.941162],[-46.3737243,-23.9411424],[-46.373827,-23.941082],[-46.3741607,-23.9408847],[-46.374194,-23.940865],[-46.374134,-23.940793],[-46.373997,-23.940623],[-46.37315,-23.939565],[-46.372291,-23.938494],[-46.371416,-23.937406],[-46.370573,-23.936316],[-46.370336,-23.936009],[-46.369601,-23.935471],[-46.369344,-23.935731],[-46.368917,-23.936157],[-46.3685,-23.936586],[-46.368065,-23.937026],[-46.367876,-23.937093],[-46.367633,-23.937173],[-46.367591,-23.937198],[-46.367576,-23.937242],[-46.367572,-23.937281],[-46.3675934,-23.9373625],[-46.3676181,-23.9374722],[-46.3676726,-23.9376609],[-46.367681,-23.937692],[-46.367528,-23.937796],[-46.367294,-23.9380236],[-46.366867,-23.938401],[-46.366414,-23.938784],[-46.365979,-23.939181],[-46.365549,-23.939543],[-46.365108,-23.939901],[-46.364645,-23.940261],[-46.3645946,-23.9402985],[-46.3646154,-23.9403276],[-46.364785,-23.940595],[-46.365193,-23.941112],[-46.36541,-23.941387],[-46.3662839,-23.942439],[-46.366308,-23.942468],[-46.3663309,-23.9424972],[-46.3671596,-23.9435463],[-46.3678104,-23.9443702],[-46.367834,-23.9444],[-46.3678583,-23.9444278],[-46.368067,-23.944666],[-46.3683034,-23.9449548],[-46.368351,-23.945013],[-46.369168,-23.946011],[-46.3691872,-23.9459953],[-46.369217,-23.945971],[-46.369582,-23.945722],[-46.369712,-23.945606]]]}},{"type":"Feature","properties":{"cd_bairro":"3548500026","bairro":"Bom Retiro","area_km2":0.597319},"geometry":{"type":"Polygon","coordinates":[[[-46.378276,-23.93983],[-46.378686,-23.939545],[-46.378764,-23.939491],[-46.379248,-23.93917],[-46.379748,-23.938831],[-46.380237,-23.938493],[-46.380709,-23.938147],[-46.3811521,-23.9378487],[-46.3812366,-23.9377949],[-46.3811764,-23.9376784],[-46.3810913,-23.9375138],[-46.3807842,-23.9369239],[-46.380769,-23.936891],[-46.3807512,-23.9368579],[-46.380718,-23.936796],[-46.3811037,-23.9365647],[-46.3816463,-23.9361898],[-46.3817576,-23.9361179],[-46.3818962,-23.9360204],[-46.3820041,-23.9359879],[-46.3821581,-23.9358817],[-46.3823447,-23.9357397],[-46.3825604,-23.9355753],[-46.3827332,-23.9354076],[-46.382812,-23.9352689],[-46.382759,-23.935196],[-46.3822736,-23.9348823],[-46.3821432,-23.9348602],[-46.3818959,-23.9345858],[-46.3816931,-23.9343607],[-46.3813955,-23.9338778],[-46.3808395,-23.9335184],[-46.38015,-23.933129],[-46.3798175,-23.933159],[-46.379457,-23.933234],[-46.3791938,-23.9332919],[-46.3793509,-23.9333235],[-46.3801398,-23.9339556],[-46.3807534,-23.9345369],[-46.3808133,-23.9347329],[-46.3808133,-23.9349059],[-46.380781,-23.9351851],[-46.3807668,-23.9352787],[-46.3803531,-23.9352162],[-46.3803731,-23.9351523],[-46.3802286,-23.9351837],[-46.3801698,-23.9352473],[-46.3800383,-23.9352727],[-46.3797961,-23.9352496],[-46.3794893,-23.9352104],[-46.3793601,-23.9351458],[-46.379194,-23.9351298],[-46.3789719,-23.9352585],[-46.3787801,-23.9354403],[-46.3786363,-23.9356926],[-46.3785808,-23.9359122],[-46.3786741,-23.9360939],[-46.378587,-23.936326],[-46.378406,-23.936341],[-46.3780924,-23.9362165],[-46.3778319,-23.9362648],[-46.3777194,-23.9363612],[-46.3774418,-23.9368598],[-46.3774038,-23.9368711],[-46.3772787,-23.9367913],[-46.3770784,-23.9367408],[-46.3767244,-23.9366945],[-46.3765911,-23.9366247],[-46.3764985,-23.9365522],[-46.376275,-23.9364053],[-46.376043,-23.9362787],[-46.3758185,-23.9361514],[-46.3757845,-23.9361317],[-46.3756796,-23.9360637],[-46.3755274,-23.9359875],[-46.3753808,-23.9359035],[-46.3752019,-23.9359038],[-46.3750765,-23.9358077],[-46.3749579,-23.9357582],[-46.3747964,-23.935644],[-46.3747348,-23.9356079],[-46.3745061,-23.9354649],[-46.3743405,-23.9353599],[-46.3740832,-23.9352096],[-46.3738039,-23.9350968],[-46.3736374,-23.9350164],[-46.3735468,-23.9349705],[-46.3732894,-23.9348453],[-46.373053,-23.9347609],[-46.3729796,-23.9347349],[-46.3729754,-23.9346945],[-46.3727489,-23.9345088],[-46.3726285,-23.9343787],[-46.372361,-23.9341239],[-46.3722479,-23.9341629],[-46.372205,-23.93417],[-46.371601,-23.934304],[-46.370929,-23.934419],[-46.370648,-23.934455],[-46.370571,-23.934487],[-46.370516,-23.934524],[-46.370356,-23.934699],[-46.36983,-23.935259],[-46.369601,-23.935471],[-46.370336,-23.936009],[-46.370573,-23.936316],[-46.371416,-23.937406],[-46.372291,-23.938494],[-46.37315,-23.939565],[-46.373997,-23.940623],[-46.374134,-23.940793],[-46.374194,-23.940865],[-46.3741607,-23.9408847],[-46.373827,-23.941082],[-46.3737243,-23.9411424],[-46.373691,-23.941162],[-46.3736591,-23.9411821],[-46.3732175,-23.9414596],[-46.373185,-23.94148],[-46.3731528,-23.9415007],[-46.3726549,-23.9418199],[-46.372622,-23.941841],[-46.3722059,-23.9421079],[-46.372173,-23.942129],[-46.3721398,-23.9421488],[-46.372005,-23.942229],[-46.37203,-23.942282],[-46.372046,-23.942316],[-46.372042,-23.942545],[-46.371987,-23.942695],[-46.371879,-23.942797],[-46.372608,-23.943633],[-46.373108,-23.943268],[-46.373609,-23.942956],[-46.374102,-23.942609],[-46.374598,-23.94228],[-46.374739,-23.942185],[-46.374931,-23.942054],[-46.375104,-23.94194],[-46.375397,-23.941731],[-46.375496,-23.941668],[-46.375959,-23.941356],[-46.376281,-23.941161],[-46.376464,-23.941034],[-46.376781,-23.940817],[-46.377282,-23.940505],[-46.377419,-23.940417],[-46.377775,-23.940159],[-46.3778444,-23.9401136],[-46.378276,-23.93983]]]}},{"type":"Feature","properties":{"cd_bairro":"3548500027","bairro":"São Jorge","area_km2":0.4945075},"geometry":{"type":"Polygon","coordinates":[[[-46.3650449,-23.9501101],[-46.3650433,-23.9501763],[-46.3650952,-23.9502761],[-46.3651631,-23.950312],[-46.3652629,-23.9504996],[-46.3653387,-23.9507311],[-46.3654305,-23.9509307],[-46.3655063,-23.9510784],[-46.3655226,-23.9511427],[-46.3654006,-23.9510843],[-46.3653527,-23.9510404],[-46.3652728,-23.9510484],[-46.3651651,-23.9511522],[-46.3651108,-23.9512404],[-46.3651092,-23.9512959],[-46.3651311,-23.9513877],[-46.3651351,-23.9514795],[-46.3651331,-23.9516072],[-46.3651272,-23.9516651],[-46.3651331,-23.9517449],[-46.365183,-23.9518327],[-46.365211,-23.9518527],[-46.3652609,-23.9519525],[-46.3652549,-23.9520183],[-46.3653068,-23.95217],[-46.3653427,-23.9522498],[-46.3653806,-23.9523516],[-46.3654764,-23.9524594],[-46.3655782,-23.9525033],[-46.3656979,-23.9525612],[-46.365746,-23.952592],[-46.3657837,-23.9525839],[-46.365816,-23.952577],[-46.366022,-23.952531],[-46.366146,-23.952516],[-46.366183,-23.952512],[-46.3663024,-23.9524976],[-46.366374,-23.952489],[-46.3664004,-23.9524861],[-46.366447,-23.952481],[-46.366921,-23.952402],[-46.3675674,-23.9522775],[-46.3675737,-23.9522762],[-46.3676688,-23.9522559],[-46.3677541,-23.9522377],[-46.3677907,-23.9522299],[-46.3678359,-23.9522203],[-46.367892,-23.952215],[-46.3679926,-23.9522003],[-46.3680004,-23.9521991],[-46.368281,-23.952158],[-46.369991,-23.951864],[-46.370147,-23.951839],[-46.371247,-23.951656],[-46.371395,-23.95163],[-46.371997,-23.951542],[-46.372104,-23.951526],[-46.372506,-23.951427],[-46.373354,-23.95129],[-46.373444,-23.951282],[-46.3734158,-23.951248],[-46.372624,-23.9502953],[-46.3717573,-23.9492398],[-46.3713438,-23.9487335],[-46.3710579,-23.9483498],[-46.370725,-23.947938],[-46.369168,-23.946011],[-46.368351,-23.945013],[-46.3683034,-23.9449548],[-46.368067,-23.944666],[-46.3680432,-23.9446732],[-46.368003,-23.944685],[-46.3679604,-23.9446985],[-46.3677232,-23.9447707],[-46.367686,-23.944782],[-46.367288,-23.945008],[-46.367077,-23.945138],[-46.365237,-23.946278],[-46.3650387,-23.9464002],[-46.364602,-23.9466787],[-46.364567,-23.946701],[-46.364386,-23.946783],[-46.3642695,-23.9468065],[-46.364262,-23.946808],[-46.364153,-23.94683],[-46.364071,-23.946845],[-46.363979,-23.946861],[-46.363875,-23.946845],[-46.363826,-23.946838],[-46.3634975,-23.9472169],[-46.3631686,-23.9475204],[-46.3632382,-23.9478433],[-46.3633579,-23.9479231],[-46.3634697,-23.9479391],[-46.3635655,-23.947955],[-46.3636214,-23.947963],[-46.3637012,-23.9479949],[-46.363781,-23.9480109],[-46.363805,-23.9480269],[-46.3638289,-23.9480349],[-46.3638768,-23.9480748],[-46.3639567,-23.9481147],[-46.3640125,-23.9481786],[-46.3640445,-23.9482105],[-46.3640844,-23.9482424],[-46.3641163,-23.9482823],[-46.3641163,-23.9483063],[-46.3641482,-23.9483542],[-46.3641562,-23.9483941],[-46.3641722,-23.948426],[-46.3641882,-23.948434],[-46.3642041,-23.9484899],[-46.3642121,-23.9485059],[-46.364252,-23.9485697],[-46.3642919,-23.9486176],[-46.3642999,-23.9486495],[-46.3643239,-23.9486974],[-46.3643478,-23.9487214],[-46.3643638,-23.9487374],[-46.3643957,-23.9488541],[-46.3644486,-23.948911],[-46.3646402,-23.9490667],[-46.3646721,-23.9492662],[-46.364716,-23.949378],[-46.36474,-23.9494179],[-46.3647719,-23.9495017],[-46.3647999,-23.9496175],[-46.3648078,-23.9496734],[-46.3648597,-23.9497572],[-46.3648996,-23.9498091],[-46.3649475,-23.9499248],[-46.3650378,-23.9499469],[-46.3650493,-23.9500038],[-46.3650449,-23.9501101]]]}},{"type":"Feature","properties":{"cd_bairro":"3548500028","bairro":"Areia Branca","area_km2":0.5359806},"geometry":{"type":"Polygon","coordinates":[[[-46.3717573,-23.9492398],[-46.372624,-23.9502953],[-46.3734158,-23.951248],[-46.373444,-23.951282],[-46.373523,-23.951274],[-46.3742736,-23.9511347],[-46.3749837,-23.9510029],[-46.3754712,-23.9509124],[-46.3760496,-23.950805],[-46.3770232,-23.9506242],[-46.3770127,-23.9505576],[-46.3770052,-23.9505077],[-46.377005,-23.9505064],[-46.3770184,-23.950229],[-46.3770391,-23.9496798],[-46.3770512,-23.9493616],[-46.3770683,-23.9489576],[-46.3770768,-23.9487557],[-46.3770917,-23.9481834],[-46.3770939,-23.9480986],[-46.3771157,-23.9473911],[-46.377157,-23.947245],[-46.377156,-23.947124],[-46.377141,-23.94615],[-46.3771101,-23.9457804],[-46.377084,-23.945657],[-46.377059,-23.945548],[-46.377007,-23.94533],[-46.3769572,-23.9450012],[-46.376857,-23.944744],[-46.376839,-23.944648],[-46.376699,-23.944278],[-46.3765251,-23.9436355],[-46.3763831,-23.9432953],[-46.376293,-23.943143],[-46.376135,-23.942775],[-46.375755,-23.942059],[-46.375733,-23.942018],[-46.375496,-23.941668],[-46.375397,-23.941731],[-46.375104,-23.94194],[-46.374931,-23.942054],[-46.374739,-23.942185],[-46.374598,-23.94228],[-46.374102,-23.942609],[-46.373609,-23.942956],[-46.373108,-23.943268],[-46.372608,-23.943633],[-46.372353,-23.943799],[-46.372111,-23.943948],[-46.371643,-23.944279],[-46.371281,-23.94453],[-46.371152,-23.944612],[-46.370674,-23.944951],[-46.370583,-23.945035],[-46.370195,-23.945273],[-46.370031,-23.945421],[-46.369712,-23.945606],[-46.369582,-23.945722],[-46.369217,-23.945971],[-46.3691872,-23.9459953],[-46.369168,-23.946011],[-46.370725,-23.947938],[-46.3710579,-23.9483498],[-46.3713438,-23.9487335],[-46.3717573,-23.9492398]]]}},{"type":"Feature","properties":{"cd_bairro":"3548500029","bairro":"Castelo","area_km2":0.5127878},"geometry":{"type":"Polygon","coordinates":[[[-46.381066,-23.949946],[-46.381554,-23.949864],[-46.3818055,-23.9498175],[-46.3821253,-23.9497613],[-46.3822955,-23.9497314],[-46.3823967,-23.9497136],[-46.3824934,-23.9496966],[-46.3825138,-23.9496931],[-46.382656,-23.949666],[-46.3826983,-23.9496606],[-46.382719,-23.949658],[-46.3829397,-23.9496182],[-46.3831493,-23.9495296],[-46.3833291,-23.9494536],[-46.3834721,-23.9493932],[-46.3837535,-23.9492597],[-46.383727,-23.949224],[-46.383647,-23.949045],[-46.383602,-23.948928],[-46.383551,-23.948713],[-46.3834988,-23.9484407],[-46.383495,-23.948436],[-46.3834783,-23.9483373],[-46.383456,-23.948205],[-46.38335,-23.948033],[-46.383173,-23.947843],[-46.38293,-23.947648],[-46.382766,-23.947524],[-46.3827044,-23.9474595],[-46.382642,-23.947394],[-46.382539,-23.947247],[-46.3825219,-23.9471961],[-46.382506,-23.947149],[-46.3825049,-23.9471304],[-46.382498,-23.947015],[-46.382558,-23.946859],[-46.382667,-23.946723],[-46.382822,-23.946604],[-46.383068,-23.946524],[-46.383346,-23.94645],[-46.383546,-23.94638],[-46.383711,-23.946257],[-46.383814,-23.946152],[-46.38392,-23.945966],[-46.384081,-23.945854],[-46.384356,-23.945756],[-46.384452,-23.945665],[-46.384554,-23.94544],[-46.384737,-23.945233],[-46.384923,-23.945049],[-46.384999,-23.944845],[-46.385107,-23.944611],[-46.3846815,-23.9443101],[-46.3844875,-23.9447092],[-46.3843338,-23.9446555],[-46.3843441,-23.9446332],[-46.3842542,-23.9445987],[-46.3841611,-23.9445721],[-46.3840357,-23.9444999],[-46.3839312,-23.9444429],[-46.3838001,-23.9443935],[-46.383741,-23.9443806],[-46.3837104,-23.9444075],[-46.3836809,-23.9444334],[-46.3836526,-23.9444582],[-46.3836051,-23.9444347],[-46.383459,-23.944358],[-46.3833958,-23.9443093],[-46.3833349,-23.9442507],[-46.3827284,-23.943507],[-46.382624,-23.943426],[-46.3819744,-23.9438652],[-46.381722,-23.944065],[-46.381384,-23.944246],[-46.380748,-23.944723],[-46.3806591,-23.9443112],[-46.3806553,-23.9442935],[-46.3806418,-23.9442784],[-46.380545,-23.944177],[-46.380395,-23.9440069],[-46.3801952,-23.9438081],[-46.3800978,-23.943795],[-46.3800486,-23.9437878],[-46.3799162,-23.9437667],[-46.3790186,-23.943623],[-46.3788058,-23.9435796],[-46.3784834,-23.9434743],[-46.3781572,-23.9433476],[-46.3779261,-23.9432437],[-46.3777283,-23.9430803],[-46.377621,-23.942856],[-46.377611,-23.942797],[-46.377585,-23.942685],[-46.377564,-23.942593],[-46.377364,-23.941937],[-46.377316,-23.941751],[-46.377254,-23.941307],[-46.37726,-23.941211],[-46.37727,-23.941062],[-46.377294,-23.940975],[-46.377399,-23.940699],[-46.377419,-23.940417],[-46.377282,-23.940505],[-46.376781,-23.940817],[-46.376464,-23.941034],[-46.376281,-23.941161],[-46.375959,-23.941356],[-46.375496,-23.941668],[-46.375733,-23.942018],[-46.375755,-23.942059],[-46.376135,-23.942775],[-46.376293,-23.943143],[-46.3763831,-23.9432953],[-46.3765251,-23.9436355],[-46.376699,-23.944278],[-46.376839,-23.944648],[-46.376857,-23.944744],[-46.3769572,-23.9450012],[-46.377007,-23.94533],[-46.377059,-23.945548],[-46.377084,-23.945657],[-46.3771101,-23.9457804],[-46.377141,-23.94615],[-46.377156,-23.947124],[-46.377157,-23.947245],[-46.3771157,-23.9473911],[-46.3770939,-23.9480986],[-46.3770917,-23.9481834],[-46.3770768,-23.9487557],[-46.3770683,-23.9489576],[-46.3770512,-23.9493616],[-46.3770391,-23.9496798],[-46.3770184,-23.950229],[-46.377005,-23.9505064],[-46.3770052,-23.9505077],[-46.3770127,-23.9505576],[-46.3770232,-23.9506242],[-46.37717,-23.950597],[-46.377375,-23.950566],[-46.377422,-23.950559],[-46.3779,-23.950449],[-46.37841,-23.950378],[-46.3784686,-23.9503672],[-46.378888,-23.95029],[-46.37959,-23.950174],[-46.380043,-23.950103],[-46.380546,-23.950027],[-46.3806774,-23.9500065],[-46.381066,-23.949946]]]}},{"type":"Feature","properties":{"cd_bairro":"3548500030","bairro":"Rádio Clube","area_km2":0.9725257},"geometry":{"type":"Polygon","coordinates":[[[-46.3853993,-23.9439848],[-46.3854501,-23.9439139],[-46.3854771,-23.9438876],[-46.3854991,-23.9438662],[-46.3855269,-23.9438391],[-46.385563,-23.943804],[-46.385673,-23.943746],[-46.385806,-23.943718],[-46.385936,-23.943699],[-46.386163,-23.943715],[-46.386365,-23.94377],[-46.386584,-23.94383],[-46.3868033,-23.9438814],[-46.38681,-23.943883],[-46.386856,-23.94389],[-46.387022,-23.943916],[-46.3871,-23.9439227],[-46.387266,-23.943937],[-46.3875709,-23.9439009],[-46.387595,-23.943898],[-46.387902,-23.943846],[-46.388117,-23.943798],[-46.388185,-23.943783],[-46.388491,-23.94364],[-46.3886368,-23.9435752],[-46.388824,-23.943492],[-46.389013,-23.943364],[-46.389237,-23.943223],[-46.3894113,-23.9431284],[-46.389576,-23.943039],[-46.389916,-23.942835],[-46.390006,-23.942781],[-46.390371,-23.942526],[-46.390605,-23.942326],[-46.39096,-23.941993],[-46.391189,-23.941807],[-46.391357,-23.941612],[-46.39154,-23.941424],[-46.391645,-23.941223],[-46.391685,-23.94106],[-46.39173,-23.940878],[-46.391724,-23.940693],[-46.3917235,-23.9406917],[-46.391617,-23.94043],[-46.391223,-23.940027],[-46.390895,-23.939803],[-46.39043,-23.939455],[-46.390106,-23.939231],[-46.3899855,-23.939136],[-46.389313,-23.938606],[-46.388592,-23.937981],[-46.387175,-23.936899],[-46.3869439,-23.9366644],[-46.386847,-23.936566],[-46.386691,-23.936341],[-46.3863819,-23.9361141],[-46.3861137,-23.9359915],[-46.3859334,-23.9359401],[-46.38541,-23.935805],[-46.385026,-23.935779],[-46.384707,-23.93577],[-46.384225,-23.935619],[-46.383717,-23.935486],[-46.3835924,-23.9353585],[-46.3833587,-23.9351801],[-46.3830139,-23.9351341],[-46.382759,-23.935196],[-46.382812,-23.9352689],[-46.3827332,-23.9354076],[-46.3825604,-23.9355753],[-46.3823447,-23.9357397],[-46.3821581,-23.9358817],[-46.3820041,-23.9359879],[-46.3818962,-23.9360204],[-46.3817576,-23.9361179],[-46.3816463,-23.9361898],[-46.3811037,-23.9365647],[-46.380718,-23.936796],[-46.3807512,-23.9368579],[-46.380769,-23.936891],[-46.3807842,-23.9369239],[-46.3810913,-23.9375138],[-46.3811764,-23.9376784],[-46.3812366,-23.9377949],[-46.3811521,-23.9378487],[-46.380709,-23.938147],[-46.380237,-23.938493],[-46.379748,-23.938831],[-46.379248,-23.93917],[-46.378764,-23.939491],[-46.378686,-23.939545],[-46.378276,-23.93983],[-46.3778444,-23.9401136],[-46.377775,-23.940159],[-46.377419,-23.940417],[-46.377399,-23.940699],[-46.377294,-23.940975],[-46.37727,-23.941062],[-46.37726,-23.941211],[-46.377254,-23.941307],[-46.377316,-23.941751],[-46.377364,-23.941937],[-46.377564,-23.942593],[-46.377585,-23.942685],[-46.377611,-23.942797],[-46.377621,-23.942856],[-46.3777283,-23.9430803],[-46.3779261,-23.9432437],[-46.3781572,-23.9433476],[-46.3784834,-23.9434743],[-46.3788058,-23.9435796],[-46.3790186,-23.943623],[-46.3799162,-23.9437667],[-46.3800486,-23.9437878],[-46.3800978,-23.943795],[-46.3801952,-23.9438081],[-46.380395,-23.9440069],[-46.380545,-23.944177],[-46.3806418,-23.9442784],[-46.3806553,-23.9442935],[-46.3806591,-23.9443112],[-46.380748,-23.944723],[-46.381384,-23.944246],[-46.381722,-23.944065],[-46.3819744,-23.9438652],[-46.382624,-23.943426],[-46.3827284,-23.943507],[-46.3833349,-23.9442507],[-46.3833958,-23.9443093],[-46.383459,-23.944358],[-46.3836051,-23.9444347],[-46.3836526,-23.9444582],[-46.3836809,-23.9444334],[-46.3837104,-23.9444075],[-46.383741,-23.9443806],[-46.3838001,-23.9443935],[-46.3839312,-23.9444429],[-46.3840357,-23.9444999],[-46.3841611,-23.9445721],[-46.3842542,-23.9445987],[-46.3843441,-23.9446332],[-46.3843338,-23.9446555],[-46.3844875,-23.9447092],[-46.3846815,-23.9443101],[-46.385107,-23.944611],[-46.385208,-23.944338],[-46.385326,-23.944087],[-46.3853993,-23.9439848]]]}},{"type":"Feature","properties":{"cd_bairro":"3548500034","bairro":"Piratininga","area_km2":0.2274553},"geometry":{"type":"Polygon","coordinates":[[[-46.3913417,-23.9272092],[-46.3921271,-23.9266332],[-46.393561,-23.925958],[-46.3942262,-23.9256142],[-46.3956389,-23.9251044],[-46.3951923,-23.9247875],[-46.3941823,-23.9243818],[-46.3933136,-23.9242944],[-46.3924975,-23.9243624],[-46.3916261,-23.9244729],[-46.390489,-23.9246451],[-46.3902957,-23.9246729],[-46.3901108,-23.9246996],[-46.3898387,-23.9247607],[-46.3891498,-23.9248589],[-46.3871209,-23.9251484],[-46.3870442,-23.9251604],[-46.3853665,-23.9254225],[-46.3853107,-23.9254347],[-46.3852338,-23.9254515],[-46.3849161,-23.9255209],[-46.385093,-23.926479],[-46.3851071,-23.926751],[-46.385109,-23.926788],[-46.386639,-23.926962],[-46.3885751,-23.9272167],[-46.389208,-23.9273],[-46.3892677,-23.9273059],[-46.3906632,-23.9274389],[-46.3907427,-23.9275099],[-46.3908434,-23.9274134],[-46.3913417,-23.9272092]]]}},{"type":"Feature","properties":{"cd_bairro":"3548500035","bairro":"Morro Fontana","area_km2":0.0753225},"geometry":{"type":"Polygon","coordinates":[[[-46.335785,-23.938363],[-46.335882,-23.938209],[-46.335884,-23.938136],[-46.335846,-23.938013],[-46.335466,-23.937905],[-46.335397,-23.937849],[-46.335335,-23.937824],[-46.335173,-23.937825],[-46.334973,-23.937855],[-46.334901,-23.937793],[-46.334837,-23.937788],[-46.334765,-23.93776],[-46.334705,-23.937741],[-46.334601,-23.937715],[-46.334412,-23.937668],[-46.334332,-23.937646],[-46.334222,-23.937687],[-46.3340626,-23.9377543],[-46.3339389,-23.9377802],[-46.3338981,-23.9377822],[-46.333868,-23.9377818],[-46.333843,-23.9377803],[-46.3337996,-23.9377745],[-46.3337532,-23.9377426],[-46.3336225,-23.9376296],[-46.333546,-23.937558],[-46.333529,-23.937535],[-46.3335174,-23.9375003],[-46.333386,-23.93707],[-46.333541,-23.936973],[-46.333498,-23.936579],[-46.333367,-23.936532],[-46.333363,-23.936239],[-46.333373,-23.936182],[-46.333004,-23.936486],[-46.332733,-23.936727],[-46.332524,-23.936911],[-46.332337,-23.937018],[-46.332144,-23.937094],[-46.332022,-23.937073],[-46.331905,-23.937049],[-46.331814,-23.937016],[-46.331719,-23.936958],[-46.331715,-23.937233],[-46.3321176,-23.9372737],[-46.3321003,-23.937483],[-46.3320549,-23.9377074],[-46.3322386,-23.937826],[-46.33253,-23.938094],[-46.332704,-23.938197],[-46.332829,-23.938263],[-46.332907,-23.938327],[-46.333087,-23.938508],[-46.333239,-23.938723],[-46.333324,-23.93889],[-46.333395,-23.939092],[-46.333415,-23.939199],[-46.333413,-23.939293],[-46.333374,-23.939472],[-46.333366,-23.939543],[-46.333376,-23.939594],[-46.333419,-23.939648],[-46.333564,-23.93969],[-46.333631,-23.939705],[-46.333673,-23.939726],[-46.333708,-23.93976],[-46.3337543,-23.9397867],[-46.3338845,-23.9397055],[-46.3339899,-23.9396188],[-46.334258,-23.939521],[-46.3344492,-23.9393802],[-46.3349191,-23.9391815],[-46.3353272,-23.9391086],[-46.3353426,-23.9394019],[-46.335903,-23.93932],[-46.3360761,-23.9393876],[-46.3362689,-23.9397732],[-46.3362871,-23.9400629],[-46.3362882,-23.9400798],[-46.3363303,-23.9400877],[-46.3364977,-23.9401191],[-46.336641,-23.9401668],[-46.3367581,-23.9402146],[-46.336906,-23.9402531],[-46.3370694,-23.9402855],[-46.3372188,-23.9403425],[-46.337233,-23.94036],[-46.3373411,-23.9404179],[-46.337373,-23.940435],[-46.337506,-23.940299],[-46.337425,-23.940254],[-46.337363,-23.940241],[-46.337233,-23.940235],[-46.337062,-23.940171],[-46.336874,-23.940068],[-46.336657,-23.940002],[-46.336585,-23.940007],[-46.336563,-23.940009],[-46.336523,-23.939972],[-46.336517,-23.93989],[-46.336524,-23.939827],[-46.336532,-23.939755],[-46.336291,-23.939228],[-46.336189,-23.939231],[-46.336146,-23.939189],[-46.336081,-23.939068],[-46.336044,-23.939075],[-46.335994,-23.938938],[-46.335747,-23.938807],[-46.3357506,-23.9387714],[-46.3357818,-23.9384004],[-46.335785,-23.938363]]]}},{"type":"Feature","properties":{"cd_bairro":"3548500036","bairro":"Morro São Bento","area_km2":0.491254},"geometry":{"type":"Polygon","coordinates":[[[-46.335846,-23.938013],[-46.335884,-23.938136],[-46.335882,-23.938209],[-46.335785,-23.938363],[-46.3357818,-23.9384004],[-46.3357506,-23.9387714],[-46.335747,-23.938807],[-46.335994,-23.938938],[-46.336044,-23.939075],[-46.336081,-23.939068],[-46.336146,-23.939189],[-46.336189,-23.939231],[-46.336291,-23.939228],[-46.336532,-23.939755],[-46.336524,-23.939827],[-46.336517,-23.93989],[-46.336523,-23.939972],[-46.336563,-23.940009],[-46.336585,-23.940007],[-46.336657,-23.940002],[-46.336874,-23.940068],[-46.337062,-23.940171],[-46.337233,-23.940235],[-46.337363,-23.940241],[-46.337425,-23.940254],[-46.337506,-23.940299],[-46.337655,-23.940329],[-46.337835,-23.940302],[-46.337979,-23.940271],[-46.338077,-23.940214],[-46.338302,-23.940095],[-46.338426,-23.940044],[-46.338588,-23.940003],[-46.338806,-23.939925],[-46.338952,-23.939857],[-46.339112,-23.93974],[-46.339294,-23.939567],[-46.339354,-23.939452],[-46.339366,-23.939376],[-46.339364,-23.93927],[-46.33936,-23.939188],[-46.339365,-23.939165],[-46.339403,-23.939148],[-46.3391552,-23.9389199],[-46.339137,-23.9388748],[-46.3392771,-23.9387389],[-46.3394442,-23.9386964],[-46.3395036,-23.9386808],[-46.3397061,-23.938712],[-46.3397211,-23.9386709],[-46.339746,-23.938682],[-46.339824,-23.938691],[-46.340127,-23.938589],[-46.340235,-23.938555],[-46.3402388,-23.9385551],[-46.340282,-23.9385558],[-46.34042,-23.938558],[-46.3404887,-23.9385685],[-46.340512,-23.938572],[-46.3409321,-23.9386389],[-46.3410499,-23.9385139],[-46.3412033,-23.9384921],[-46.3412684,-23.93849],[-46.3419128,-23.9384694],[-46.3419827,-23.9384513],[-46.3420431,-23.9384267],[-46.3421006,-23.9383935],[-46.3421401,-23.9383643],[-46.3421844,-23.9383152],[-46.342188,-23.9383098],[-46.3422155,-23.9382698],[-46.342245,-23.9382023],[-46.342314,-23.938364],[-46.3423505,-23.9384503],[-46.3423901,-23.9385682],[-46.3424194,-23.9386771],[-46.3424563,-23.938818],[-46.3424858,-23.9389305],[-46.3424973,-23.9389341],[-46.3426907,-23.938995],[-46.3428748,-23.9390334],[-46.3429038,-23.9390413],[-46.3429265,-23.9390393],[-46.3429387,-23.9390657],[-46.3429762,-23.9391462],[-46.3430009,-23.939206],[-46.3430416,-23.9393271],[-46.3430823,-23.9394219],[-46.3431708,-23.9395881],[-46.3432334,-23.9397054],[-46.343278,-23.93982],[-46.34332,-23.939904],[-46.343411,-23.940029],[-46.343475,-23.940136],[-46.343529,-23.940204],[-46.3435562,-23.9401936],[-46.3440541,-23.9403621],[-46.3445684,-23.9397213],[-46.3445757,-23.9396874],[-46.3446002,-23.9396452],[-46.3446276,-23.9396165],[-46.3446714,-23.9395896],[-46.3447436,-23.9395602],[-46.3448045,-23.9395477],[-46.3448294,-23.9395461],[-46.3449362,-23.9395392],[-46.3450362,-23.9395351],[-46.3451715,-23.9395364],[-46.3454231,-23.9395294],[-46.3450302,-23.9393011],[-46.3449519,-23.9392515],[-46.344727,-23.9390406],[-46.344662,-23.9389829],[-46.3446116,-23.9389482],[-46.3445707,-23.9389275],[-46.3445047,-23.9389019],[-46.3443209,-23.9388346],[-46.3444447,-23.9388323],[-46.3445069,-23.9388253],[-46.3445783,-23.9388111],[-46.3446597,-23.9387964],[-46.3448274,-23.9387526],[-46.3449179,-23.9387202],[-46.3450371,-23.9386549],[-46.3448564,-23.938445],[-46.344766,-23.9382479],[-46.3447308,-23.938171],[-46.3447017,-23.9381075],[-46.3446611,-23.9380463],[-46.3446234,-23.9380009],[-46.3446004,-23.9379712],[-46.3445476,-23.937903],[-46.3444632,-23.937773],[-46.3442012,-23.9373604],[-46.344149,-23.9373023],[-46.3441142,-23.9372718],[-46.3440813,-23.9372488],[-46.3440504,-23.937134],[-46.3440778,-23.9370822],[-46.3440271,-23.9369674],[-46.3436829,-23.9363311],[-46.3435663,-23.9363669],[-46.3433409,-23.936418],[-46.3432712,-23.9363974],[-46.343328,-23.9362253],[-46.343325,-23.9361023],[-46.3427164,-23.9357383],[-46.3416428,-23.9351847],[-46.3416911,-23.9350955],[-46.341703,-23.9350737],[-46.341705,-23.9350699],[-46.3414378,-23.9350053],[-46.3412058,-23.9349579],[-46.3411857,-23.9349451],[-46.3411495,-23.9349266],[-46.3411208,-23.9349342],[-46.3409529,-23.9349668],[-46.3408744,-23.934947],[-46.3408563,-23.9349443],[-46.3406429,-23.9348853],[-46.3406152,-23.9348788],[-46.3400307,-23.9351679],[-46.3392819,-23.9353643],[-46.3383059,-23.9349655],[-46.338148,-23.93458],[-46.337811,-23.934361],[-46.337547,-23.934168],[-46.337222,-23.9341018],[-46.3371367,-23.9340872],[-46.3367773,-23.9336825],[-46.3367503,-23.933649],[-46.336566,-23.933783],[-46.3361808,-23.9340496],[-46.3359737,-23.934193],[-46.3359824,-23.934221],[-46.335379,-23.934392],[-46.335285,-23.934422],[-46.334929,-23.934713],[-46.333951,-23.935691],[-46.333373,-23.936182],[-46.333363,-23.936239],[-46.333367,-23.936532],[-46.333498,-23.936579],[-46.333541,-23.936973],[-46.333386,-23.93707],[-46.3335174,-23.9375003],[-46.333529,-23.937535],[-46.333546,-23.937558],[-46.3336225,-23.9376296],[-46.3337532,-23.9377426],[-46.3337996,-23.9377745],[-46.333843,-23.9377803],[-46.333868,-23.9377818],[-46.3338981,-23.9377822],[-46.3339389,-23.9377802],[-46.3340626,-23.9377543],[-46.334222,-23.937687],[-46.334332,-23.937646],[-46.334412,-23.937668],[-46.334601,-23.937715],[-46.334705,-23.937741],[-46.334765,-23.93776],[-46.334837,-23.937788],[-46.334901,-23.937793],[-46.334973,-23.937855],[-46.335173,-23.937825],[-46.335335,-23.937824],[-46.335397,-23.937849],[-46.335466,-23.937905],[-46.335846,-23.938013]]]}},{"type":"Feature","properties":{"cd_bairro":"3548500037","bairro":"Morro Pacheco","area_km2":0.1405641},"geometry":{"type":"Polygon","coordinates":[[[-46.337811,-23.932948],[-46.337732,-23.932999],[-46.336807,-23.933609],[-46.3367503,-23.933649],[-46.3367773,-23.9336825],[-46.3371367,-23.9340872],[-46.337222,-23.9341018],[-46.337547,-23.934168],[-46.337811,-23.934361],[-46.338148,-23.93458],[-46.3383059,-23.9349655],[-46.3392819,-23.9353643],[-46.3400307,-23.9351679],[-46.3406152,-23.9348788],[-46.3406429,-23.9348853],[-46.3408563,-23.9349443],[-46.3408744,-23.934947],[-46.3409529,-23.9349668],[-46.3411208,-23.9349342],[-46.3411495,-23.9349266],[-46.3411857,-23.9349451],[-46.3412058,-23.9349579],[-46.3414378,-23.9350053],[-46.341519,-23.934747],[-46.341531,-23.934582],[-46.34148,-23.934442],[-46.341453,-23.934332],[-46.341535,-23.934181],[-46.341639,-23.934042],[-46.341822,-23.93391],[-46.34183,-23.933754],[-46.341765,-23.933646],[-46.3417425,-23.933643],[-46.3416653,-23.9335856],[-46.3415408,-23.9335374],[-46.3414418,-23.9335522],[-46.3413695,-23.9334337],[-46.3412597,-23.9333669],[-46.3409552,-23.9329747],[-46.3408578,-23.9330249],[-46.3405813,-23.9326345],[-46.3403687,-23.9322496],[-46.3403114,-23.9321457],[-46.3402911,-23.9321085],[-46.3402857,-23.9321],[-46.3404219,-23.9318555],[-46.3404439,-23.9316922],[-46.3404333,-23.9316688],[-46.3402243,-23.9312111],[-46.3400443,-23.9309686],[-46.3400383,-23.9309004],[-46.3400254,-23.9308544],[-46.339866,-23.9305154],[-46.3398455,-23.9304836],[-46.339558,-23.930616],[-46.339353,-23.930748],[-46.339214,-23.930863],[-46.339174,-23.931115],[-46.339089,-23.931317],[-46.339045,-23.931372],[-46.338288,-23.931972],[-46.338136,-23.932543],[-46.338105,-23.932692],[-46.338051,-23.932764],[-46.337811,-23.932948]]]}},{"type":"Feature","properties":{"cd_bairro":"3548500039","bairro":"Morro Jabaquara","area_km2":0.2664112},"geometry":{"type":"Polygon","coordinates":[[[-46.343836,-23.941545],[-46.343819,-23.941412],[-46.343752,-23.9411],[-46.343693,-23.941006],[-46.343647,-23.940954],[-46.343594,-23.9409],[-46.3436236,-23.9408888],[-46.3440541,-23.9403621],[-46.3435562,-23.9401936],[-46.343529,-23.940204],[-46.343475,-23.940136],[-46.343411,-23.940029],[-46.34332,-23.939904],[-46.343278,-23.93982],[-46.3432334,-23.9397054],[-46.3431708,-23.9395881],[-46.3430823,-23.9394219],[-46.3430416,-23.9393271],[-46.3430009,-23.939206],[-46.3429762,-23.9391462],[-46.3429387,-23.9390657],[-46.3429265,-23.9390393],[-46.3429038,-23.9390413],[-46.3428748,-23.9390334],[-46.3426907,-23.938995],[-46.3424973,-23.9389341],[-46.3424858,-23.9389305],[-46.3424563,-23.938818],[-46.3424194,-23.9386771],[-46.3423901,-23.9385682],[-46.3423505,-23.9384503],[-46.342314,-23.938364],[-46.342245,-23.9382023],[-46.3422155,-23.9382698],[-46.342188,-23.9383098],[-46.3421844,-23.9383152],[-46.3421401,-23.9383643],[-46.3421006,-23.9383935],[-46.3420431,-23.9384267],[-46.3419827,-23.9384513],[-46.3419128,-23.9384694],[-46.3412684,-23.93849],[-46.3412033,-23.9384921],[-46.3410499,-23.9385139],[-46.3409321,-23.9386389],[-46.340512,-23.938572],[-46.3404887,-23.9385685],[-46.34042,-23.938558],[-46.340282,-23.9385558],[-46.3402388,-23.9385551],[-46.340235,-23.938555],[-46.340127,-23.938589],[-46.339824,-23.938691],[-46.339746,-23.938682],[-46.3397211,-23.9386709],[-46.3397061,-23.938712],[-46.3395036,-23.9386808],[-46.3394442,-23.9386964],[-46.3392771,-23.9387389],[-46.339137,-23.9388748],[-46.3391552,-23.9389199],[-46.339403,-23.939148],[-46.339365,-23.939165],[-46.33936,-23.939188],[-46.339364,-23.93927],[-46.339366,-23.939376],[-46.339354,-23.939452],[-46.339294,-23.939567],[-46.339112,-23.93974],[-46.338952,-23.939857],[-46.338806,-23.939925],[-46.338588,-23.940003],[-46.338426,-23.940044],[-46.338302,-23.940095],[-46.338077,-23.940214],[-46.337979,-23.940271],[-46.337835,-23.940302],[-46.337655,-23.940329],[-46.337506,-23.940299],[-46.337373,-23.940435],[-46.337342,-23.940504],[-46.33734,-23.940564],[-46.337373,-23.940724],[-46.337787,-23.940575],[-46.337853,-23.940533],[-46.33792,-23.940484],[-46.337997,-23.940469],[-46.338054,-23.940473],[-46.338112,-23.940493],[-46.338167,-23.940525],[-46.338233,-23.940563],[-46.338374,-23.940543],[-46.3384632,-23.9405227],[-46.3384935,-23.9404361],[-46.3385488,-23.9403456],[-46.3385842,-23.9402553],[-46.3386621,-23.9402294],[-46.3388822,-23.940156],[-46.3391066,-23.9399963],[-46.3393138,-23.9397978],[-46.339495,-23.939759],[-46.3396418,-23.9396338],[-46.3398144,-23.9395346],[-46.3402762,-23.9395518],[-46.3410055,-23.9396856],[-46.3412903,-23.9397849],[-46.3413853,-23.9400395],[-46.341519,-23.9400956],[-46.3419614,-23.9401841],[-46.3420794,-23.9403216],[-46.3421649,-23.9404538],[-46.342177,-23.940509],[-46.342183,-23.940544],[-46.3420976,-23.9406339],[-46.3423027,-23.9408168],[-46.34232,-23.940944],[-46.342394,-23.9410278],[-46.3424329,-23.9410817],[-46.3424782,-23.941168],[-46.342474,-23.941236],[-46.342495,-23.941267],[-46.342499,-23.941305],[-46.3424795,-23.9413722],[-46.3425281,-23.9414812],[-46.3425669,-23.94163],[-46.3425437,-23.9416868],[-46.3425044,-23.9417833],[-46.3424841,-23.941806],[-46.3423546,-23.9417553],[-46.3422217,-23.9419381],[-46.342199,-23.941966],[-46.342184,-23.941999],[-46.3425221,-23.9421828],[-46.3427662,-23.9423176],[-46.3429707,-23.9425143],[-46.3437222,-23.9426579],[-46.3439853,-23.9427577],[-46.3440758,-23.9428088],[-46.344125,-23.942959],[-46.344255,-23.943029],[-46.344361,-23.943219],[-46.344286,-23.943506],[-46.343925,-23.9437],[-46.343718,-23.943822],[-46.343641,-23.943918],[-46.343434,-23.943991],[-46.343279,-23.944016],[-46.3432,-23.943945],[-46.343018,-23.943947],[-46.34289,-23.944091],[-46.342892,-23.944282],[-46.342685,-23.944774],[-46.342564,-23.945203],[-46.342422,-23.945353],[-46.341761,-23.945438],[-46.341607,-23.945559],[-46.341557,-23.945798],[-46.34156,-23.946108],[-46.341902,-23.946511],[-46.342456,-23.946915],[-46.343122,-23.947255],[-46.343479,-23.947724],[-46.346325,-23.94726],[-46.346253,-23.94661],[-46.346213,-23.946596],[-46.346074,-23.946648],[-46.345987,-23.946658],[-46.345869,-23.946615],[-46.345741,-23.946514],[-46.345612,-23.946405],[-46.345528,-23.94628],[-46.345397,-23.946041],[-46.3457654,-23.9427125],[-46.3457505,-23.9426767],[-46.3456404,-23.9426886],[-46.3454762,-23.9426624],[-46.3453555,-23.9426243],[-46.345219,-23.9425451],[-46.3451309,-23.9424874],[-46.3450845,-23.9424432],[-46.34506,-23.9424281],[-46.3447054,-23.9422099],[-46.3445021,-23.9420851],[-46.3444326,-23.942025],[-46.3443568,-23.9419301],[-46.344353,-23.941924],[-46.344271,-23.941831],[-46.344178,-23.941773],[-46.344068,-23.941726],[-46.34396,-23.941667],[-46.343879,-23.941611],[-46.343836,-23.941545]]]}},{"type":"Feature","properties":{"cd_bairro":"3548500040","bairro":"Vila Progresso","area_km2":0.1895325},"geometry":{"type":"Polygon","coordinates":[[[-46.3492303,-23.9408117],[-46.3493105,-23.9408862],[-46.3495247,-23.9409487],[-46.3504561,-23.9412203],[-46.3505326,-23.9412432],[-46.3511671,-23.9406052],[-46.3517015,-23.9400509],[-46.3521068,-23.9400066],[-46.3520744,-23.9395173],[-46.3521688,-23.9394874],[-46.3522408,-23.939458],[-46.3523546,-23.9394096],[-46.3524224,-23.9393996],[-46.352511,-23.9394039],[-46.3525945,-23.9394375],[-46.3526043,-23.9394211],[-46.352769,-23.9391803],[-46.3528461,-23.9391685],[-46.3529135,-23.9391268],[-46.352943,-23.9391051],[-46.353138,-23.9391088],[-46.3533453,-23.9390833],[-46.3535557,-23.9390293],[-46.3536667,-23.9390057],[-46.3537259,-23.9390092],[-46.3537943,-23.9388224],[-46.3539155,-23.938698],[-46.3541139,-23.938355],[-46.3537738,-23.9375065],[-46.352271,-23.9378025],[-46.35186,-23.9388183],[-46.3518646,-23.9389644],[-46.3518356,-23.9391969],[-46.3517425,-23.9392458],[-46.3516383,-23.9392091],[-46.3514635,-23.9391329],[-46.3513676,-23.9390911],[-46.3511574,-23.939066],[-46.3509893,-23.939066],[-46.3508473,-23.9390781],[-46.3506686,-23.9391025],[-46.3503618,-23.9391372],[-46.3501583,-23.9391601],[-46.3496322,-23.9392403],[-46.3492788,-23.9392044],[-46.3490753,-23.9392021],[-46.3488733,-23.9392201],[-46.3486398,-23.939227],[-46.3484118,-23.9392838],[-46.3482513,-23.9392801],[-46.3480243,-23.9392891],[-46.3478723,-23.9392681],[-46.3477573,-23.9392531],[-46.3477173,-23.9392581],[-46.3476783,-23.9392631],[-46.3476223,-23.9392781],[-46.3475506,-23.9392975],[-46.3474149,-23.9392564],[-46.347281,-23.9391911],[-46.3472135,-23.9391863],[-46.3471928,-23.9391848],[-46.3471652,-23.9391828],[-46.3470593,-23.9391881],[-46.3466644,-23.9391779],[-46.3463739,-23.9391441],[-46.3460845,-23.9391062],[-46.3457765,-23.939021],[-46.3456566,-23.9389648],[-46.3454193,-23.938875],[-46.3452419,-23.9388492],[-46.3450371,-23.9386549],[-46.3449179,-23.9387202],[-46.3448274,-23.9387526],[-46.3446597,-23.9387964],[-46.3445783,-23.9388111],[-46.3445069,-23.9388253],[-46.3444447,-23.9388323],[-46.3443209,-23.9388346],[-46.3445047,-23.9389019],[-46.3445707,-23.9389275],[-46.3446116,-23.9389482],[-46.344662,-23.9389829],[-46.344727,-23.9390406],[-46.3449519,-23.9392515],[-46.3450302,-23.9393011],[-46.3454231,-23.9395294],[-46.3451715,-23.9395364],[-46.3450362,-23.9395351],[-46.3449362,-23.9395392],[-46.3448294,-23.9395461],[-46.3448045,-23.9395477],[-46.3447436,-23.9395602],[-46.3446714,-23.9395896],[-46.3446276,-23.9396165],[-46.3446002,-23.9396452],[-46.3445757,-23.9396874],[-46.3445684,-23.9397213],[-46.3445623,-23.9397496],[-46.344564,-23.939825],[-46.3445734,-23.9399001],[-46.3445904,-23.9399639],[-46.3446155,-23.9400551],[-46.3446451,-23.9401327],[-46.3446797,-23.9401856],[-46.3447568,-23.9402744],[-46.3448526,-23.9403685],[-46.3451384,-23.9406493],[-46.345246,-23.940698],[-46.345564,-23.9408],[-46.345742,-23.940876],[-46.345885,-23.940945],[-46.3458853,-23.94096],[-46.346432,-23.941083],[-46.346596,-23.941162],[-46.346883,-23.941303],[-46.3473305,-23.9416097],[-46.34748,-23.9416724],[-46.3479057,-23.9417681],[-46.3479409,-23.941776],[-46.347978,-23.941739],[-46.348206,-23.941632],[-46.348392,-23.94146],[-46.3486062,-23.9411608],[-46.3490024,-23.9413991],[-46.349118,-23.941401],[-46.349168,-23.94123],[-46.349188,-23.940977],[-46.3492303,-23.9408117]]]}},{"type":"Feature","properties":{"cd_bairro":"3548500041","bairro":"Morro Saboó","area_km2":0.3713987},"geometry":{"type":"Polygon","coordinates":[[[-46.341705,-23.9350699],[-46.341703,-23.9350737],[-46.3416911,-23.9350955],[-46.3416428,-23.9351847],[-46.3427164,-23.9357383],[-46.343325,-23.9361023],[-46.343328,-23.9362253],[-46.3432712,-23.9363974],[-46.3433409,-23.936418],[-46.3435663,-23.9363669],[-46.3436829,-23.9363311],[-46.3440271,-23.9369674],[-46.3440778,-23.9370822],[-46.3440504,-23.937134],[-46.3440813,-23.9372488],[-46.3441142,-23.9372718],[-46.344149,-23.9373023],[-46.3442012,-23.9373604],[-46.3444632,-23.937773],[-46.3445476,-23.937903],[-46.3446004,-23.9379712],[-46.3446234,-23.9380009],[-46.3446611,-23.9380463],[-46.3447017,-23.9381075],[-46.3447308,-23.938171],[-46.344766,-23.9382479],[-46.3448564,-23.938445],[-46.3450371,-23.9386549],[-46.3452419,-23.9388492],[-46.3454193,-23.938875],[-46.3456566,-23.9389648],[-46.3457765,-23.939021],[-46.3460845,-23.9391062],[-46.3463739,-23.9391441],[-46.3466644,-23.9391779],[-46.3470593,-23.9391881],[-46.3471652,-23.9391828],[-46.3471928,-23.9391848],[-46.3472135,-23.9391863],[-46.347281,-23.9391911],[-46.3474149,-23.9392564],[-46.3475506,-23.9392975],[-46.3476223,-23.9392781],[-46.3476783,-23.9392631],[-46.3477173,-23.9392581],[-46.3477573,-23.9392531],[-46.3478723,-23.9392681],[-46.3480243,-23.9392891],[-46.3482513,-23.9392801],[-46.3484118,-23.9392838],[-46.3486398,-23.939227],[-46.3488733,-23.9392201],[-46.3490753,-23.9392021],[-46.3492788,-23.9392044],[-46.3496322,-23.9392403],[-46.3501583,-23.9391601],[-46.3503618,-23.9391372],[-46.3506686,-23.9391025],[-46.3508473,-23.9390781],[-46.3509893,-23.939066],[-46.3511574,-23.939066],[-46.3513676,-23.9390911],[-46.3514635,-23.9391329],[-46.3516383,-23.9392091],[-46.3517425,-23.9392458],[-46.3518356,-23.9391969],[-46.3518646,-23.9389644],[-46.35186,-23.9388183],[-46.352271,-23.9378025],[-46.3537738,-23.9375065],[-46.3535715,-23.9370106],[-46.3532069,-23.937063],[-46.3527191,-23.9352799],[-46.352338,-23.935235],[-46.352112,-23.935245],[-46.351968,-23.935346],[-46.351778,-23.9355288],[-46.3515792,-23.9356737],[-46.3514453,-23.9357079],[-46.3513809,-23.9357486],[-46.3512535,-23.9358291],[-46.3510802,-23.9359382],[-46.3509771,-23.936119],[-46.3508591,-23.9362176],[-46.3508402,-23.936373],[-46.3505677,-23.9363405],[-46.3504393,-23.9360876],[-46.350254,-23.9358187],[-46.350005,-23.935659],[-46.349862,-23.935643],[-46.349713,-23.935649],[-46.3494506,-23.9356868],[-46.3493762,-23.9355956],[-46.3492458,-23.9354999],[-46.3490919,-23.93544],[-46.3489156,-23.9353938],[-46.348684,-23.9353733],[-46.3484858,-23.9353772],[-46.3484637,-23.9353929],[-46.34843,-23.9354089],[-46.348113,-23.935784],[-46.348051,-23.935867],[-46.3480028,-23.9358992],[-46.3479449,-23.9359639],[-46.3478568,-23.9360833],[-46.34768,-23.936178],[-46.347603,-23.936234],[-46.347524,-23.936321],[-46.3473329,-23.9364122],[-46.3470834,-23.9364376],[-46.3468861,-23.9364376],[-46.346727,-23.9365421],[-46.3465731,-23.936507],[-46.3463381,-23.936466],[-46.3461568,-23.9364431],[-46.3459442,-23.9363317],[-46.3456539,-23.9360492],[-46.3455026,-23.9358326],[-46.3453852,-23.9357222],[-46.3453334,-23.9355565],[-46.345546,-23.935475],[-46.3456697,-23.9354056],[-46.3456863,-23.9353963],[-46.3456996,-23.9353049],[-46.3456048,-23.9351841],[-46.3455307,-23.9352049],[-46.3453771,-23.9352449],[-46.3453313,-23.9351615],[-46.3453901,-23.9350949],[-46.3454352,-23.9350437],[-46.345479,-23.934994],[-46.3455545,-23.9349574],[-46.3453883,-23.9347815],[-46.345337,-23.934732],[-46.3452393,-23.9347601],[-46.3452206,-23.9347239],[-46.3451888,-23.93466],[-46.3451906,-23.9344664],[-46.3452429,-23.9343208],[-46.3450581,-23.934247],[-46.3450426,-23.9342395],[-46.3449262,-23.9341949],[-46.3450468,-23.9338138],[-46.3450431,-23.9335773],[-46.3441593,-23.9344562],[-46.3434959,-23.9342182],[-46.3433958,-23.9342045],[-46.3428458,-23.9343366],[-46.3428377,-23.9343521],[-46.3427985,-23.9342874],[-46.3424856,-23.9344102],[-46.3423908,-23.9344628],[-46.341705,-23.9350699]]]}},{"type":"Feature","properties":{"cd_bairro":"3548500042","bairro":"Morro Penha","area_km2":0.2259018},"geometry":{"type":"Polygon","coordinates":[[[-46.3458656,-23.9316262],[-46.3459365,-23.9315751],[-46.3461042,-23.9312942],[-46.3460905,-23.9312897],[-46.3456848,-23.9311219],[-46.3456074,-23.9310905],[-46.3455789,-23.9310791],[-46.3455963,-23.9310538],[-46.3454446,-23.9309914],[-46.3453983,-23.9309632],[-46.3453446,-23.9310295],[-46.3452335,-23.930947],[-46.345234,-23.9309455],[-46.345273,-23.930825],[-46.3452752,-23.930752],[-46.3452773,-23.93068],[-46.345278,-23.930657],[-46.345387,-23.930596],[-46.345501,-23.930562],[-46.345624,-23.930524],[-46.345697,-23.93045],[-46.345708,-23.930358],[-46.345743,-23.930248],[-46.345866,-23.93025],[-46.345973,-23.93023],[-46.346001,-23.930165],[-46.345942,-23.930036],[-46.345671,-23.929914],[-46.345429,-23.92986],[-46.345103,-23.929826],[-46.34489,-23.92982],[-46.34471,-23.92984],[-46.344558,-23.929781],[-46.344337,-23.929681],[-46.3440535,-23.9296273],[-46.3425101,-23.9301335],[-46.3424324,-23.9300203],[-46.3423959,-23.9299421],[-46.3422803,-23.9300252],[-46.3422066,-23.9300999],[-46.3421505,-23.9301462],[-46.3420954,-23.9301916],[-46.3419256,-23.930319],[-46.3418751,-23.9303569],[-46.341903,-23.93041],[-46.3419424,-23.9304842],[-46.341943,-23.930517],[-46.341936,-23.930551],[-46.341898,-23.9306456],[-46.3416288,-23.930987],[-46.3415654,-23.9310533],[-46.3412623,-23.9310803],[-46.3412503,-23.9310814],[-46.3412392,-23.93108],[-46.3412379,-23.9310799],[-46.3411946,-23.9310794],[-46.3411167,-23.9310786],[-46.3409806,-23.9309517],[-46.3409171,-23.9308855],[-46.340743,-23.930703],[-46.340627,-23.9304756],[-46.3404732,-23.9302377],[-46.3404534,-23.930207],[-46.3398455,-23.9304836],[-46.339866,-23.9305154],[-46.3400254,-23.9308544],[-46.3400383,-23.9309004],[-46.3400443,-23.9309686],[-46.3402243,-23.9312111],[-46.3404333,-23.9316688],[-46.3404439,-23.9316922],[-46.3404219,-23.9318555],[-46.3402857,-23.9321],[-46.3402911,-23.9321085],[-46.3403114,-23.9321457],[-46.3403687,-23.9322496],[-46.3405813,-23.9326345],[-46.3408578,-23.9330249],[-46.3409552,-23.9329747],[-46.3412597,-23.9333669],[-46.3413695,-23.9334337],[-46.3414418,-23.9335522],[-46.3415408,-23.9335374],[-46.3416653,-23.9335856],[-46.3417425,-23.933643],[-46.341765,-23.933646],[-46.34183,-23.933754],[-46.341822,-23.93391],[-46.341639,-23.934042],[-46.341535,-23.934181],[-46.341453,-23.934332],[-46.34148,-23.934442],[-46.341531,-23.934582],[-46.341519,-23.934747],[-46.3414378,-23.9350053],[-46.341705,-23.9350699],[-46.3423908,-23.9344628],[-46.3424856,-23.9344102],[-46.3427985,-23.9342874],[-46.3428377,-23.9343521],[-46.3428458,-23.9343366],[-46.3433958,-23.9342045],[-46.3434959,-23.9342182],[-46.3441593,-23.9344562],[-46.3450431,-23.9335773],[-46.3451299,-23.9334886],[-46.3452301,-23.9333521],[-46.3453098,-23.9332566],[-46.3453743,-23.9332673],[-46.3454223,-23.9331826],[-46.345487,-23.9332032],[-46.3455214,-23.9330708],[-46.3454264,-23.9327906],[-46.3454227,-23.9327892],[-46.3450741,-23.9326603],[-46.3450002,-23.9326183],[-46.3449679,-23.9325915],[-46.3449497,-23.9325637],[-46.3449449,-23.9325171],[-46.3449559,-23.9324755],[-46.3449783,-23.9324243],[-46.3450171,-23.9323852],[-46.3451161,-23.9323242],[-46.3451989,-23.9322879],[-46.3452357,-23.9322718],[-46.3452474,-23.9322666],[-46.3452493,-23.9322663],[-46.3452639,-23.932264],[-46.3453357,-23.9322526],[-46.3453682,-23.9322474],[-46.3454241,-23.9322267],[-46.3455131,-23.9321766],[-46.3456074,-23.9320936],[-46.3457212,-23.9319792],[-46.3458464,-23.9318356],[-46.3459425,-23.931727],[-46.3458816,-23.9316484],[-46.3458741,-23.9316379],[-46.3458692,-23.9316312],[-46.3458656,-23.9316262]]]}},{"type":"Feature","properties":{"cd_bairro":"3548500043","bairro":"Morro Marapé","area_km2":0.5282635},"geometry":{"type":"Polygon","coordinates":[[[-46.349342,-23.951212],[-46.3495435,-23.9515313],[-46.3499784,-23.9518219],[-46.3501223,-23.9519083],[-46.3499668,-23.9521183],[-46.3500719,-23.9521593],[-46.3502338,-23.9522359],[-46.3503438,-23.9522933],[-46.3505783,-23.9523784],[-46.3507434,-23.9524728],[-46.35082,-23.9525231],[-46.3509192,-23.9526035],[-46.3509721,-23.9526697],[-46.3510217,-23.9526235],[-46.3510786,-23.952587],[-46.3513307,-23.9527684],[-46.3514166,-23.9527642],[-46.3515206,-23.9528631],[-46.351574,-23.95296],[-46.3516479,-23.9529823],[-46.3517761,-23.9530892],[-46.351815,-23.9531223],[-46.3519464,-23.953118],[-46.3522084,-23.9531631],[-46.3522579,-23.9531832],[-46.3523281,-23.953219],[-46.3524561,-23.9532826],[-46.3524879,-23.9532702],[-46.3525088,-23.9533017],[-46.3525531,-23.9533343],[-46.3525669,-23.9533645],[-46.3525687,-23.9534045],[-46.3526766,-23.9534114],[-46.352805,-23.9534309],[-46.3528426,-23.9534707],[-46.352875,-23.9535573],[-46.352907,-23.953892],[-46.352922,-23.954107],[-46.352925,-23.954346],[-46.352914,-23.954609],[-46.3530657,-23.9548331],[-46.3530188,-23.9550915],[-46.3529368,-23.9552588],[-46.352812,-23.9553924],[-46.352638,-23.955567],[-46.352511,-23.955807],[-46.352292,-23.956012],[-46.352088,-23.956336],[-46.351792,-23.956699],[-46.351761,-23.956737],[-46.3517296,-23.9567669],[-46.351567,-23.956922],[-46.351441,-23.9571389],[-46.3513738,-23.9571149],[-46.3512746,-23.9571575],[-46.3511904,-23.9572644],[-46.3512633,-23.9573211],[-46.3513589,-23.9574005],[-46.3514049,-23.957474],[-46.3513564,-23.9575504],[-46.3512398,-23.957646],[-46.3511636,-23.9577027],[-46.3511069,-23.9577804],[-46.3511059,-23.9578112],[-46.3511345,-23.957855],[-46.3511928,-23.9578841],[-46.3511361,-23.9578955],[-46.3510616,-23.9579829],[-46.3510114,-23.9580575],[-46.3509984,-23.9581401],[-46.3509692,-23.9582414],[-46.3509239,-23.958328],[-46.3508736,-23.9583734],[-46.350762,-23.958398],[-46.352261,-23.958802],[-46.352993,-23.95913],[-46.355042,-23.957863],[-46.355908,-23.957572],[-46.355477,-23.954929],[-46.355788,-23.954344],[-46.356189,-23.954155],[-46.357212,-23.953732],[-46.356564,-23.953505],[-46.355727,-23.952918],[-46.355427,-23.9529],[-46.355376,-23.952413],[-46.355418,-23.952031],[-46.355165,-23.952118],[-46.355232,-23.951948],[-46.35523,-23.951714],[-46.355042,-23.951398],[-46.35474,-23.951146],[-46.3546,-23.951084],[-46.354509,-23.951169],[-46.354418,-23.951276],[-46.3536622,-23.9511624],[-46.353613,-23.951155],[-46.353557,-23.9511125],[-46.3535164,-23.951018],[-46.3534824,-23.9509622],[-46.3533692,-23.9509412],[-46.3527576,-23.9508845],[-46.3522814,-23.9508525],[-46.3520217,-23.9510043],[-46.349173,-23.948953],[-46.346325,-23.94726],[-46.343479,-23.947724],[-46.3437456,-23.9478334],[-46.3439517,-23.9480056],[-46.3440508,-23.9482065],[-46.3441526,-23.9483996],[-46.3441708,-23.9486318],[-46.3440795,-23.9487961],[-46.3438969,-23.9488614],[-46.3438056,-23.9488744],[-46.343636,-23.9488327],[-46.3435107,-23.9487257],[-46.3433822,-23.9486564],[-46.343234,-23.948676],[-46.343324,-23.949014],[-46.343444,-23.949191],[-46.343578,-23.949329],[-46.343754,-23.949408],[-46.343864,-23.949471],[-46.344136,-23.949632],[-46.344812,-23.949856],[-46.344999,-23.949973],[-46.345041,-23.949998],[-46.3455725,-23.9502534],[-46.3459126,-23.9504489],[-46.3462315,-23.9504409],[-46.3466253,-23.9503857],[-46.347039,-23.9503479],[-46.3473134,-23.9504709],[-46.3472912,-23.9503048],[-46.347958,-23.950659],[-46.348378,-23.950791],[-46.348873,-23.951013],[-46.348998,-23.951066],[-46.349342,-23.951212]]]}},{"type":"Feature","properties":{"cd_bairro":"3548500044","bairro":"Morro Nova Cintra","area_km2":1.6141422},"geometry":{"type":"Polygon","coordinates":[[[-46.3505326,-23.9412432],[-46.3504561,-23.9412203],[-46.3495247,-23.9409487],[-46.3493105,-23.9408862],[-46.3492303,-23.9408117],[-46.349188,-23.940977],[-46.349168,-23.94123],[-46.349118,-23.941401],[-46.3490024,-23.9413991],[-46.3486062,-23.9411608],[-46.348392,-23.94146],[-46.348206,-23.941632],[-46.347978,-23.941739],[-46.3479409,-23.941776],[-46.3479057,-23.9417681],[-46.34748,-23.9416724],[-46.3473305,-23.9416097],[-46.346883,-23.941303],[-46.346596,-23.941162],[-46.346432,-23.941083],[-46.3458853,-23.94096],[-46.345885,-23.940945],[-46.345742,-23.940876],[-46.345564,-23.9408],[-46.345246,-23.940698],[-46.3451384,-23.9406493],[-46.3448526,-23.9403685],[-46.3447568,-23.9402744],[-46.3446797,-23.9401856],[-46.3446451,-23.9401327],[-46.3446155,-23.9400551],[-46.3445904,-23.9399639],[-46.3445734,-23.9399001],[-46.344564,-23.939825],[-46.3445623,-23.9397496],[-46.3445684,-23.9397213],[-46.3440541,-23.9403621],[-46.3436236,-23.9408888],[-46.343594,-23.9409],[-46.343647,-23.940954],[-46.343693,-23.941006],[-46.343752,-23.9411],[-46.343819,-23.941412],[-46.343836,-23.941545],[-46.343879,-23.941611],[-46.34396,-23.941667],[-46.344068,-23.941726],[-46.344178,-23.941773],[-46.344271,-23.941831],[-46.344353,-23.941924],[-46.3443568,-23.9419301],[-46.3444326,-23.942025],[-46.3445021,-23.9420851],[-46.3447054,-23.9422099],[-46.34506,-23.9424281],[-46.3450845,-23.9424432],[-46.3451309,-23.9424874],[-46.345219,-23.9425451],[-46.3453555,-23.9426243],[-46.3454762,-23.9426624],[-46.3456404,-23.9426886],[-46.3457505,-23.9426767],[-46.3457654,-23.9427125],[-46.345397,-23.946041],[-46.345528,-23.94628],[-46.345612,-23.946405],[-46.345741,-23.946514],[-46.345869,-23.946615],[-46.345987,-23.946658],[-46.346074,-23.946648],[-46.346213,-23.946596],[-46.346253,-23.94661],[-46.346325,-23.94726],[-46.349173,-23.948953],[-46.3520217,-23.9510043],[-46.3522814,-23.9508525],[-46.3527576,-23.9508845],[-46.3533692,-23.9509412],[-46.3534824,-23.9509622],[-46.3535164,-23.951018],[-46.353557,-23.9511125],[-46.353613,-23.951155],[-46.3536622,-23.9511624],[-46.354418,-23.951276],[-46.354509,-23.951169],[-46.3546,-23.951084],[-46.35474,-23.951146],[-46.355042,-23.951398],[-46.35523,-23.951714],[-46.355232,-23.951948],[-46.355165,-23.952118],[-46.355418,-23.952031],[-46.355376,-23.952413],[-46.355427,-23.9529],[-46.355727,-23.952918],[-46.356564,-23.953505],[-46.357212,-23.953732],[-46.358609,-23.952787],[-46.360127,-23.952307],[-46.36128,-23.952297],[-46.362389,-23.952633],[-46.362937,-23.952641],[-46.362825,-23.952135],[-46.362567,-23.951692],[-46.362331,-23.95127],[-46.361912,-23.950892],[-46.361816,-23.950575],[-46.361952,-23.950256],[-46.361949,-23.950107],[-46.361857,-23.950044],[-46.361715,-23.94977],[-46.361505,-23.949517],[-46.361365,-23.949391],[-46.360739,-23.949079],[-46.360437,-23.94887],[-46.359993,-23.948344],[-46.359735,-23.947985],[-46.359219,-23.947163],[-46.358679,-23.946515],[-46.358649,-23.946479],[-46.3587883,-23.946479],[-46.3587649,-23.946451],[-46.358012,-23.9451262],[-46.3579335,-23.9440233],[-46.357501,-23.9426941],[-46.3577189,-23.942262],[-46.358243,-23.942041],[-46.3571134,-23.9412865],[-46.3556695,-23.9404199],[-46.3554761,-23.9403051],[-46.355453,-23.9402915],[-46.3554629,-23.9402309],[-46.3555137,-23.9401083],[-46.3555512,-23.9400112],[-46.3555569,-23.9399434],[-46.3555483,-23.9398306],[-46.3554441,-23.9397793],[-46.3554441,-23.939754],[-46.3554079,-23.9397323],[-46.355307,-23.9396827],[-46.3551428,-23.939531],[-46.3550814,-23.9395228],[-46.3550176,-23.9394713],[-46.3547081,-23.939301],[-46.3546819,-23.9392609],[-46.3544445,-23.9391438],[-46.3543199,-23.9390718],[-46.3543193,-23.9390709],[-46.3543164,-23.9390668],[-46.3543062,-23.9390711],[-46.3542987,-23.9390743],[-46.3542672,-23.9390694],[-46.3540213,-23.9390369],[-46.3537259,-23.9390092],[-46.3536667,-23.9390057],[-46.3535557,-23.9390293],[-46.3533453,-23.9390833],[-46.353138,-23.9391088],[-46.352943,-23.9391051],[-46.3529135,-23.9391268],[-46.3528461,-23.9391685],[-46.352769,-23.9391803],[-46.3526043,-23.9394211],[-46.3525945,-23.9394375],[-46.352511,-23.9394039],[-46.3524224,-23.9393996],[-46.3523546,-23.9394096],[-46.3522408,-23.939458],[-46.3521688,-23.9394874],[-46.3520744,-23.9395173],[-46.3521068,-23.9400066],[-46.3517015,-23.9400509],[-46.3511671,-23.9406052],[-46.3505326,-23.9412432]]]}},{"type":"Feature","properties":{"cd_bairro":"3548500045","bairro":"Morro Caneleira","area_km2":0.220744},"geometry":{"type":"Polygon","coordinates":[[[-46.3607285,-23.9407803],[-46.3607672,-23.9406975],[-46.3609866,-23.9407208],[-46.3610903,-23.9407465],[-46.361204,-23.940781],[-46.3613831,-23.940831],[-46.3615233,-23.9408722],[-46.3616652,-23.9409123],[-46.3617975,-23.9409481],[-46.3618958,-23.9408382],[-46.3621908,-23.9408765],[-46.3622792,-23.9409325],[-46.3624083,-23.9409863],[-46.3625466,-23.941028],[-46.3626075,-23.9410249],[-46.3626736,-23.9410036],[-46.3624423,-23.9407283],[-46.3624204,-23.9405752],[-46.3624403,-23.9405528],[-46.3625778,-23.9405064],[-46.3625877,-23.940503],[-46.36282,-23.9404771],[-46.3628807,-23.9404715],[-46.3630288,-23.9404583],[-46.3630806,-23.940456],[-46.3631183,-23.9404542],[-46.3632447,-23.9404493],[-46.3633904,-23.9404422],[-46.363439,-23.940432],[-46.363574,-23.940337],[-46.3642384,-23.9402919],[-46.3644258,-23.9401629],[-46.3643958,-23.9401411],[-46.3641635,-23.9399907],[-46.3612942,-23.938343],[-46.3604804,-23.9376369],[-46.3598632,-23.9381104],[-46.3597332,-23.9382011],[-46.3598257,-23.938241],[-46.3598453,-23.9382576],[-46.3597531,-23.9383217],[-46.3598528,-23.9386353],[-46.3598599,-23.9390683],[-46.3597649,-23.9391712],[-46.3596398,-23.9392646],[-46.3595448,-23.939282],[-46.359206,-23.9391586],[-46.3589179,-23.9388957],[-46.3588497,-23.9388407],[-46.358769,-23.9387754],[-46.3586646,-23.9387897],[-46.3585759,-23.9388498],[-46.3585635,-23.9388992],[-46.3585585,-23.9389195],[-46.3585759,-23.9389733],[-46.3586297,-23.9390683],[-46.3586905,-23.939141],[-46.3586181,-23.9392336],[-46.3585761,-23.9392059],[-46.3585446,-23.9392358],[-46.3585526,-23.9392892],[-46.3585448,-23.9393014],[-46.3582801,-23.939524],[-46.3582971,-23.9396143],[-46.3582946,-23.9396545],[-46.3583186,-23.9396966],[-46.3582735,-23.9397938],[-46.3582676,-23.9398066],[-46.3583159,-23.9398567],[-46.3582104,-23.940023],[-46.3581442,-23.9401267],[-46.3580334,-23.9401821],[-46.3579241,-23.9401778],[-46.3578916,-23.9402213],[-46.3571134,-23.9412865],[-46.358243,-23.942041],[-46.360628,-23.942953],[-46.3625378,-23.9440067],[-46.3625705,-23.9440139],[-46.3626427,-23.94375],[-46.362652,-23.9435095],[-46.3626474,-23.9433184],[-46.362625,-23.943189],[-46.3626019,-23.9431105],[-46.3624098,-23.9429023],[-46.3623963,-23.9428405],[-46.3623,-23.9427978],[-46.3621879,-23.9427002],[-46.3621291,-23.9425362],[-46.362065,-23.9423336],[-46.3620489,-23.9422699],[-46.362028,-23.9421875],[-46.3620271,-23.9421848],[-46.361998,-23.9421527],[-46.3618834,-23.9420261],[-46.3618088,-23.941589],[-46.3613294,-23.9414349],[-46.361209,-23.9413991],[-46.3611256,-23.9414769],[-46.3611148,-23.9414741],[-46.3609318,-23.9411717],[-46.3606945,-23.9408852],[-46.3607285,-23.9407803]]]}},{"type":"Feature","properties":{"cd_bairro":"3548500046","bairro":"Morro Santa Maria","area_km2":0.3561692},"geometry":{"type":"Polygon","coordinates":[[[-46.3585446,-23.9392358],[-46.3585761,-23.9392059],[-46.3586181,-23.9392336],[-46.3586905,-23.939141],[-46.3586297,-23.9390683],[-46.3585759,-23.9389733],[-46.3585585,-23.9389195],[-46.3585635,-23.9388992],[-46.3585759,-23.9388498],[-46.3586646,-23.9387897],[-46.358769,-23.9387754],[-46.3588497,-23.9388407],[-46.3589179,-23.9388957],[-46.359206,-23.9391586],[-46.3595448,-23.939282],[-46.3596398,-23.9392646],[-46.3597649,-23.9391712],[-46.3598599,-23.9390683],[-46.3598528,-23.9386353],[-46.3597531,-23.9383217],[-46.3598453,-23.9382576],[-46.3598257,-23.938241],[-46.3597332,-23.9382011],[-46.3598632,-23.9381104],[-46.3604804,-23.9376369],[-46.3612942,-23.938343],[-46.3641635,-23.9399907],[-46.3643958,-23.9401411],[-46.3644258,-23.9401629],[-46.364389,-23.940021],[-46.364299,-23.939809],[-46.364167,-23.939535],[-46.363818,-23.938889],[-46.363624,-23.938575],[-46.3634976,-23.9383783],[-46.363341,-23.938134],[-46.363157,-23.937814],[-46.36312,-23.937823],[-46.3630153,-23.937816],[-46.3628962,-23.9377647],[-46.362814,-23.937668],[-46.362727,-23.937609],[-46.362638,-23.937583],[-46.362542,-23.937491],[-46.362393,-23.93715],[-46.362164,-23.937083],[-46.3618816,-23.9367678],[-46.3615836,-23.9363627],[-46.3615192,-23.9361655],[-46.3612433,-23.9360908],[-46.3610257,-23.9358781],[-46.3608081,-23.9358394],[-46.3607114,-23.9360038],[-46.3606099,-23.9362456],[-46.360386,-23.9363351],[-46.3601626,-23.9363205],[-46.3599643,-23.9362383],[-46.3596017,-23.9361368],[-46.359563,-23.9359047],[-46.3593551,-23.9358079],[-46.3590698,-23.9358031],[-46.3585258,-23.9357644],[-46.3583541,-23.9357137],[-46.3583203,-23.9355855],[-46.3581946,-23.9352881],[-46.358209,-23.93512],[-46.35822,-23.934994],[-46.358296,-23.934856],[-46.358506,-23.934482],[-46.358462,-23.934361],[-46.3584341,-23.9343974],[-46.358325,-23.93454],[-46.358203,-23.93438],[-46.358101,-23.934268],[-46.357991,-23.934082],[-46.35788,-23.933964],[-46.35777,-23.933791],[-46.357714,-23.933556],[-46.3576524,-23.9334721],[-46.3576293,-23.9334407],[-46.357606,-23.933408],[-46.357458,-23.933222],[-46.3574154,-23.9332044],[-46.3573749,-23.9331608],[-46.3573106,-23.9331088],[-46.3572738,-23.9330798],[-46.3572411,-23.9330602],[-46.357143,-23.9330177],[-46.3570285,-23.9329784],[-46.3569403,-23.9329098],[-46.3569076,-23.9329057],[-46.3567964,-23.9328893],[-46.3567179,-23.9329613],[-46.3566636,-23.9334127],[-46.356448,-23.935002],[-46.356449,-23.935084],[-46.3565516,-23.9360974],[-46.3541139,-23.938355],[-46.3539155,-23.938698],[-46.3537943,-23.9388224],[-46.3537259,-23.9390092],[-46.3540213,-23.9390369],[-46.3542672,-23.9390694],[-46.3542987,-23.9390743],[-46.3543062,-23.9390711],[-46.3543164,-23.9390668],[-46.3543193,-23.9390709],[-46.3543199,-23.9390718],[-46.3544445,-23.9391438],[-46.3546819,-23.9392609],[-46.3547081,-23.939301],[-46.3550176,-23.9394713],[-46.3550814,-23.9395228],[-46.3551428,-23.939531],[-46.355307,-23.9396827],[-46.3554079,-23.9397323],[-46.3554441,-23.939754],[-46.3554441,-23.9397793],[-46.3555483,-23.9398306],[-46.3555569,-23.9399434],[-46.3555512,-23.9400112],[-46.3555137,-23.9401083],[-46.3554629,-23.9402309],[-46.355453,-23.9402915],[-46.3554761,-23.9403051],[-46.3556695,-23.9404199],[-46.3571134,-23.9412865],[-46.3578916,-23.9402213],[-46.3579241,-23.9401778],[-46.3580334,-23.9401821],[-46.3581442,-23.9401267],[-46.3582104,-23.940023],[-46.3583159,-23.9398567],[-46.3582676,-23.9398066],[-46.3582735,-23.9397938],[-46.3583186,-23.9396966],[-46.3582946,-23.9396545],[-46.3582971,-23.9396143],[-46.3582801,-23.939524],[-46.3585448,-23.9393014],[-46.3585526,-23.9392892],[-46.3585446,-23.9392358]]]}},{"type":"Feature","properties":{"cd_bairro":"3548500050","bairro":"Pompéia","area_km2":0.4963964},"geometry":{"type":"Polygon","coordinates":[[[-46.338972,-23.966863],[-46.338839,-23.966881],[-46.338879,-23.967189],[-46.3389795,-23.967972],[-46.33902,-23.968287],[-46.339042,-23.968464],[-46.339168,-23.969238],[-46.3391679,-23.9694309],[-46.3426543,-23.9692049],[-46.3446946,-23.969138],[-46.3456116,-23.9690582],[-46.3456977,-23.968102],[-46.345697,-23.968066],[-46.3456954,-23.96803],[-46.3456886,-23.967871],[-46.3456878,-23.967835],[-46.3456871,-23.967799],[-46.345689,-23.966794],[-46.345707,-23.966063],[-46.345707,-23.9659415],[-46.3457023,-23.965906],[-46.3455529,-23.964794],[-46.3455433,-23.964723],[-46.3454774,-23.9642321],[-46.345472,-23.964192],[-46.34533,-23.964146],[-46.3441983,-23.9637857],[-46.344198,-23.963729],[-46.34302,-23.9633],[-46.3430247,-23.9632743],[-46.3430315,-23.9632372],[-46.3430382,-23.9632011],[-46.34306,-23.963082],[-46.341873,-23.962649],[-46.3407332,-23.9622169],[-46.339599,-23.961787],[-46.338464,-23.961392],[-46.338421,-23.961377],[-46.3383789,-23.9613626],[-46.33831,-23.961339],[-46.3383257,-23.9614359],[-46.338332,-23.961475],[-46.3383337,-23.9615139],[-46.3383373,-23.9616008],[-46.338339,-23.96164],[-46.3383442,-23.9616798],[-46.3386334,-23.963876],[-46.338638,-23.963911],[-46.3386418,-23.963948],[-46.3387913,-23.965414],[-46.338795,-23.96545],[-46.3387995,-23.965486],[-46.3389676,-23.966828],[-46.338972,-23.966863]]]}},{"type":"Feature","properties":{"cd_bairro":"3548500051","bairro":"Morro Santa Terezinha","area_km2":0.3497839},"geometry":{"type":"Polygon","coordinates":[[[-46.350762,-23.958398],[-46.3508165,-23.9586474],[-46.3503616,-23.95874],[-46.350279,-23.958971],[-46.350139,-23.959396],[-46.3501298,-23.9594165],[-46.3500591,-23.9595735],[-46.3500828,-23.9595794],[-46.3499623,-23.9600873],[-46.3500014,-23.9603999],[-46.3500519,-23.9604064],[-46.3500681,-23.9606001],[-46.3500307,-23.9607092],[-46.3500339,-23.9607613],[-46.3500437,-23.9608476],[-46.3500698,-23.9609323],[-46.350143,-23.9609225],[-46.3501902,-23.9609583],[-46.3502326,-23.9609941],[-46.3502195,-23.9610316],[-46.3502212,-23.9610804],[-46.3501609,-23.9611325],[-46.3501381,-23.9611586],[-46.3501267,-23.9612302],[-46.3501284,-23.9612725],[-46.3500909,-23.9613214],[-46.3500779,-23.9613865],[-46.3501007,-23.9614288],[-46.3501447,-23.9615509],[-46.350016,-23.9615623],[-46.3500177,-23.9615965],[-46.3500291,-23.9616567],[-46.3501398,-23.9618309],[-46.3501805,-23.9618928],[-46.3502228,-23.9619758],[-46.3502684,-23.9620702],[-46.3502847,-23.9621109],[-46.350239,-23.96212],[-46.350118,-23.962167],[-46.350093,-23.962195],[-46.35008,-23.962233],[-46.351001,-23.9630861],[-46.3512419,-23.9633531],[-46.3517987,-23.9637796],[-46.3521438,-23.9641085],[-46.3523066,-23.9643006],[-46.3525085,-23.9645513],[-46.3526811,-23.9647857],[-46.3529025,-23.9649681],[-46.3530109,-23.9650435],[-46.353108,-23.965178],[-46.3532556,-23.9650741],[-46.3533855,-23.9650066],[-46.353415,-23.9649841],[-46.3534871,-23.9649168],[-46.3535343,-23.96484],[-46.3537969,-23.9646044],[-46.3539322,-23.9645016],[-46.3540031,-23.964491],[-46.3540852,-23.9644293],[-46.3541126,-23.9643889],[-46.3541094,-23.9643464],[-46.3541608,-23.9642777],[-46.3544181,-23.9640877],[-46.3545687,-23.9639539],[-46.3549784,-23.9636119],[-46.3552744,-23.9633553],[-46.3553621,-23.9629535],[-46.3555123,-23.9622512],[-46.356174,-23.96101],[-46.35582,-23.960219],[-46.356036,-23.95988],[-46.356039,-23.959633],[-46.356051,-23.959392],[-46.3560555,-23.959356],[-46.356229,-23.957966],[-46.355908,-23.957572],[-46.355042,-23.957863],[-46.352993,-23.95913],[-46.352261,-23.958802],[-46.350762,-23.958398]]]}},{"type":"Feature","properties":{"cd_bairro":"3548500052","bairro":"Morro José Menino","area_km2":0.3097439},"geometry":{"type":"Polygon","coordinates":[[[-46.3556653,-23.9665909],[-46.3557283,-23.9664007],[-46.3557467,-23.9663326],[-46.3557697,-23.966271],[-46.3559079,-23.9662266],[-46.3560992,-23.9662397],[-46.3565115,-23.9661553],[-46.3568538,-23.9661422],[-46.3570613,-23.9660271],[-46.3572228,-23.965634],[-46.357379,-23.965254],[-46.358523,-23.962377],[-46.3585369,-23.9623421],[-46.3594254,-23.9601089],[-46.3595737,-23.9597362],[-46.3596931,-23.959436],[-46.359859,-23.959019],[-46.359235,-23.959104],[-46.358716,-23.959029],[-46.35814,-23.959034],[-46.357766,-23.959037],[-46.357216,-23.958751],[-46.35652,-23.958254],[-46.356229,-23.957966],[-46.3560555,-23.959356],[-46.356051,-23.959392],[-46.356039,-23.959633],[-46.356036,-23.95988],[-46.35582,-23.960219],[-46.356174,-23.96101],[-46.3555123,-23.9622512],[-46.3553621,-23.9629535],[-46.3552744,-23.9633553],[-46.3549784,-23.9636119],[-46.3545687,-23.9639539],[-46.3544181,-23.9640877],[-46.3541608,-23.9642777],[-46.3541094,-23.9643464],[-46.3541126,-23.9643889],[-46.3540852,-23.9644293],[-46.3540031,-23.964491],[-46.3539322,-23.9645016],[-46.3537969,-23.9646044],[-46.3535343,-23.96484],[-46.3534871,-23.9649168],[-46.353415,-23.9649841],[-46.3533855,-23.9650066],[-46.3532556,-23.9650741],[-46.353108,-23.965178],[-46.353225,-23.965415],[-46.3534446,-23.9655754],[-46.3535226,-23.9657143],[-46.353537,-23.965817],[-46.3535588,-23.9658633],[-46.353667,-23.966093],[-46.35361,-23.966183],[-46.353564,-23.966247],[-46.353567,-23.966478],[-46.353644,-23.966767],[-46.353738,-23.966966],[-46.353849,-23.967149],[-46.35397,-23.9673],[-46.35408,-23.96741],[-46.354224,-23.967487],[-46.354301,-23.9675306],[-46.354337,-23.967551],[-46.354873,-23.967806],[-46.3550801,-23.967804],[-46.355517,-23.967802],[-46.3554723,-23.9677334],[-46.355362,-23.967564],[-46.3553397,-23.9674648],[-46.355338,-23.967457],[-46.355325,-23.967343],[-46.355346,-23.967249],[-46.355368,-23.967171],[-46.355424,-23.967072],[-46.3554581,-23.9670529],[-46.35559,-23.966979],[-46.355719,-23.966605],[-46.3556653,-23.9665909]]]}},{"type":"Feature","properties":{"cd_bairro":"3548500054","bairro":"Morro Cachoeira","area_km2":0.3093529},"geometry":{"type":"Polygon","coordinates":[[[-46.3579335,-23.9440233],[-46.358012,-23.9451262],[-46.3587649,-23.946451],[-46.3587883,-23.946479],[-46.358649,-23.946479],[-46.358679,-23.946515],[-46.359219,-23.947163],[-46.359735,-23.947985],[-46.359993,-23.948344],[-46.360437,-23.94887],[-46.360739,-23.949079],[-46.361365,-23.949391],[-46.361505,-23.949517],[-46.361715,-23.94977],[-46.361857,-23.950044],[-46.361949,-23.950107],[-46.361952,-23.950256],[-46.361816,-23.950575],[-46.361912,-23.950892],[-46.362331,-23.95127],[-46.362567,-23.951692],[-46.362825,-23.952135],[-46.362937,-23.952641],[-46.364586,-23.952681],[-46.365746,-23.952592],[-46.3656979,-23.9525612],[-46.3655782,-23.9525033],[-46.3654764,-23.9524594],[-46.3653806,-23.9523516],[-46.3653427,-23.9522498],[-46.3653068,-23.95217],[-46.3652549,-23.9520183],[-46.3652609,-23.9519525],[-46.365211,-23.9518527],[-46.365183,-23.9518327],[-46.3651331,-23.9517449],[-46.3651272,-23.9516651],[-46.3651331,-23.9516072],[-46.3651351,-23.9514795],[-46.3651311,-23.9513877],[-46.3651092,-23.9512959],[-46.3651108,-23.9512404],[-46.3651651,-23.9511522],[-46.3652728,-23.9510484],[-46.3653527,-23.9510404],[-46.3654006,-23.9510843],[-46.3655226,-23.9511427],[-46.3655063,-23.9510784],[-46.3654305,-23.9509307],[-46.3653387,-23.9507311],[-46.3652629,-23.9504996],[-46.3651631,-23.950312],[-46.3650952,-23.9502761],[-46.3650433,-23.9501763],[-46.3650449,-23.9501101],[-46.3650493,-23.9500038],[-46.3650378,-23.9499469],[-46.3649475,-23.9499248],[-46.3648996,-23.9498091],[-46.3648597,-23.9497572],[-46.3648078,-23.9496734],[-46.3647999,-23.9496175],[-46.3647719,-23.9495017],[-46.36474,-23.9494179],[-46.364716,-23.949378],[-46.3646721,-23.9492662],[-46.3646402,-23.9490667],[-46.3644486,-23.948911],[-46.3643957,-23.9488541],[-46.3643638,-23.9487374],[-46.3643478,-23.9487214],[-46.3643239,-23.9486974],[-46.3642999,-23.9486495],[-46.3642919,-23.9486176],[-46.364252,-23.9485697],[-46.3642121,-23.9485059],[-46.3642041,-23.9484899],[-46.3641882,-23.948434],[-46.3641722,-23.948426],[-46.3641562,-23.9483941],[-46.3641482,-23.9483542],[-46.3641163,-23.9483063],[-46.3641163,-23.9482823],[-46.3640844,-23.9482424],[-46.3640445,-23.9482105],[-46.3640125,-23.9481786],[-46.3639567,-23.9481147],[-46.3638768,-23.9480748],[-46.3638289,-23.9480349],[-46.363805,-23.9480269],[-46.363781,-23.9480109],[-46.3637012,-23.9479949],[-46.3636214,-23.947963],[-46.3635655,-23.947955],[-46.3634697,-23.9479391],[-46.3633579,-23.9479231],[-46.3632382,-23.9478433],[-46.3631686,-23.9475204],[-46.362585,-23.948059],[-46.362428,-23.948025],[-46.362258,-23.948122],[-46.362087,-23.948124],[-46.362009,-23.948113],[-46.361812,-23.948078],[-46.36164,-23.947995],[-46.361457,-23.947901],[-46.361298,-23.947806],[-46.361153,-23.947723],[-46.360995,-23.947652],[-46.360863,-23.947521],[-46.360724,-23.947467],[-46.360588,-23.947367],[-46.360525,-23.947254],[-46.360524,-23.94713],[-46.360523,-23.947039],[-46.360484,-23.946904],[-46.360421,-23.946791],[-46.360372,-23.946769],[-46.360199,-23.946702],[-46.360186,-23.946691],[-46.360025,-23.946602],[-46.359766,-23.94648],[-46.359604,-23.946334],[-46.359415,-23.945974],[-46.359364,-23.945782],[-46.359386,-23.945544],[-46.359407,-23.945125],[-46.359453,-23.944898],[-46.359514,-23.944819],[-46.359624,-23.944727],[-46.359796,-23.944658],[-46.36036,-23.944471],[-46.360802,-23.944366],[-46.361306,-23.944293],[-46.3613642,-23.9442672],[-46.361403,-23.94425],[-46.361658,-23.944309],[-46.361906,-23.944361],[-46.362186,-23.94428],[-46.3623527,-23.9441291],[-46.3625705,-23.9440139],[-46.3625378,-23.9440067],[-46.360628,-23.942953],[-46.358243,-23.942041],[-46.3577189,-23.942262],[-46.357501,-23.9426941],[-46.3579335,-23.9440233]]]}},{"type":"Feature","properties":{"cd_bairro":"3548500056","bairro":"Guarapá","area_km2":4.2157826},"geometry":{"type":"Polygon","coordinates":[[[-46.2889181,-23.9046301],[-46.2891044,-23.9047888],[-46.2892133,-23.9051258],[-46.2896117,-23.9051624],[-46.2897118,-23.9051584],[-46.2897559,-23.9050484],[-46.2899466,-23.9048723],[-46.2901374,-23.9047916],[-46.2901227,-23.9042487],[-46.2901887,-23.9038305],[-46.2904235,-23.9034563],[-46.2905776,-23.9030087],[-46.2906436,-23.9027739],[-46.2905189,-23.9023044],[-46.2904455,-23.902165],[-46.2903795,-23.9018421],[-46.2903722,-23.9014019],[-46.2905703,-23.9010644],[-46.2910912,-23.9004261],[-46.2901961,-23.8993622],[-46.2901447,-23.8993476],[-46.2898072,-23.8993329],[-46.2894477,-23.8992375],[-46.2891542,-23.8991054],[-46.2889635,-23.8988413],[-46.2888607,-23.8985478],[-46.2888754,-23.8980636],[-46.2885379,-23.8976564],[-46.2885379,-23.896864],[-46.2882885,-23.8964238],[-46.2884132,-23.8963651],[-46.2887287,-23.8965045],[-46.2887507,-23.896189],[-46.2889121,-23.8958662],[-46.2889781,-23.8955213],[-46.2888607,-23.8953819],[-46.2884499,-23.8951912],[-46.2882224,-23.8950738],[-46.2879659,-23.8951561],[-46.2878482,-23.8951802],[-46.2877749,-23.8947693],[-46.2875914,-23.8946592],[-46.2874007,-23.8947179],[-46.2872686,-23.8947766],[-46.2871879,-23.8947473],[-46.2871292,-23.8946592],[-46.2871292,-23.8943401],[-46.2870338,-23.8942887],[-46.2869751,-23.8892372],[-46.2911557,-23.8856754],[-46.2918767,-23.8850484],[-46.2933143,-23.8838555],[-46.2952586,-23.8839362],[-46.2936811,-23.8852275],[-46.2953466,-23.8858512],[-46.296073,-23.8855871],[-46.2964472,-23.8855871],[-46.2964839,-23.885455],[-46.2966013,-23.8853083],[-46.2967773,-23.8852275],[-46.2969754,-23.8853816],[-46.2970415,-23.8855871],[-46.2971075,-23.8858732],[-46.298032,-23.8862841],[-46.2976816,-23.8904586],[-46.3019719,-23.8908697],[-46.3021994,-23.8916401],[-46.2999322,-23.8927562],[-46.3015329,-23.894532],[-46.3007138,-23.8976542],[-46.3010187,-23.8971787],[-46.3018508,-23.895822],[-46.3027074,-23.8945874],[-46.3040066,-23.8926172],[-46.3047151,-23.8916556],[-46.3052013,-23.8911449],[-46.306469,-23.8899331],[-46.3072576,-23.8893658],[-46.3079151,-23.8888825],[-46.309113,-23.8881401],[-46.3118202,-23.8865038],[-46.3129796,-23.8858186],[-46.3139605,-23.8852517],[-46.3144828,-23.8849481],[-46.3155913,-23.8842468],[-46.3155755,-23.884227],[-46.3155598,-23.8842103],[-46.3155424,-23.884192],[-46.3155259,-23.8841729],[-46.3153754,-23.8840069],[-46.315441,-23.8837697],[-46.3156921,-23.883259],[-46.3161118,-23.8826695],[-46.3163031,-23.8823998],[-46.3164785,-23.8820991],[-46.3164811,-23.8816847],[-46.3162447,-23.8814607],[-46.315987,-23.881438],[-46.315848,-23.8814788],[-46.3156347,-23.8813007],[-46.3153494,-23.8811373],[-46.3149663,-23.8809632],[-46.3146313,-23.8808889],[-46.3136424,-23.8805423],[-46.3130501,-23.8803647],[-46.3125537,-23.8802157],[-46.3115194,-23.8799808],[-46.3110135,-23.8798571],[-46.310774,-23.879671],[-46.3106734,-23.8791829],[-46.3068918,-23.8805374],[-46.3064255,-23.8818892],[-46.3053836,-23.8810895],[-46.3049948,-23.8810381],[-46.3047673,-23.8812509],[-46.3048187,-23.8818232],[-46.3046499,-23.8820947],[-46.30487,-23.8824248],[-46.3052075,-23.8826669],[-46.3052442,-23.8828724],[-46.3051782,-23.8829971],[-46.3048113,-23.8831218],[-46.3042684,-23.8830998],[-46.3039823,-23.8826816],[-46.3037621,-23.8825716],[-46.3035934,-23.8824248],[-46.303564,-23.8819589],[-46.3037768,-23.8809831],[-46.3032632,-23.8810711],[-46.3025002,-23.8810124],[-46.3016491,-23.8809281],[-46.3007246,-23.8806419],[-46.3000129,-23.8803631],[-46.2994994,-23.8798862],[-46.2990958,-23.8795561],[-46.2986042,-23.879402],[-46.2979292,-23.8792186],[-46.2973129,-23.8789104],[-46.2970048,-23.8784262],[-46.2967113,-23.8781767],[-46.2964398,-23.8784335],[-46.2962564,-23.8784702],[-46.2958309,-23.87814],[-46.2957648,-23.8779052],[-46.2964178,-23.8775311],[-46.2962491,-23.877333],[-46.2958896,-23.8771715],[-46.2954273,-23.8762104],[-46.295398,-23.876005],[-46.2955154,-23.8757335],[-46.2948624,-23.8758582],[-46.2947156,-23.8755281],[-46.29418,-23.8757995],[-46.2935711,-23.8758656],[-46.2932996,-23.8761517],[-46.2928007,-23.8762104],[-46.2920377,-23.8761444],[-46.291348,-23.8759463],[-46.290739,-23.8754767],[-46.2905116,-23.8756161],[-46.2898439,-23.8754767],[-46.2895944,-23.8751245],[-46.2890075,-23.8751465],[-46.2891689,-23.8753373],[-46.2892349,-23.8756601],[-46.289455,-23.8759169],[-46.2890955,-23.8764819],[-46.2892129,-23.8766726],[-46.2892276,-23.8769808],[-46.2889781,-23.8770762],[-46.288758,-23.8768854],[-46.2885012,-23.8770248],[-46.2880023,-23.8770028],[-46.2875401,-23.876834],[-46.2873126,-23.8773476],[-46.287342,-23.8779126],[-46.2872319,-23.8782061],[-46.2870192,-23.8782427],[-46.2863295,-23.8778906],[-46.2858673,-23.8778906],[-46.2857719,-23.8784225],[-46.2858746,-23.8785839],[-46.2858232,-23.878804],[-46.2856985,-23.8789728],[-46.2855591,-23.8790241],[-46.2852509,-23.8786206],[-46.2851262,-23.8786133],[-46.2850235,-23.8788847],[-46.2851702,-23.8791855],[-46.2849575,-23.8799339],[-46.284752,-23.880198],[-46.2848841,-23.8805355],[-46.2850895,-23.8807923],[-46.2850749,-23.8809978],[-46.284686,-23.8811445],[-46.2845686,-23.8815957],[-46.2847227,-23.8818525],[-46.2847153,-23.8823881],[-46.2843265,-23.882733],[-46.2838569,-23.8829824],[-46.2838422,-23.883364],[-46.2835341,-23.8837748],[-46.2832259,-23.8839803],[-46.2825729,-23.884083],[-46.2824922,-23.8842371],[-46.2823749,-23.8844205],[-46.2822354,-23.8844718],[-46.28203,-23.8843985],[-46.282008,-23.8850001],[-46.2816045,-23.8859392],[-46.2816265,-23.8863574],[-46.2819787,-23.8871462],[-46.2819346,-23.8879899],[-46.2824189,-23.8886209],[-46.2828371,-23.888841],[-46.2829251,-23.8890171],[-46.2829031,-23.8891858],[-46.282595,-23.8892225],[-46.281245,-23.8887089],[-46.2809515,-23.8886136],[-46.280592,-23.8883274],[-46.2804892,-23.8880046],[-46.2806947,-23.887491],[-46.2804599,-23.887535],[-46.2801297,-23.8873296],[-46.2801297,-23.887579],[-46.2801591,-23.8878652],[-46.2800637,-23.888078],[-46.2798656,-23.8881587],[-46.2788898,-23.8880633],[-46.2785303,-23.8878725],[-46.2783689,-23.8875864],[-46.2784202,-23.8872636],[-46.2782441,-23.8872856],[-46.2777379,-23.8873076],[-46.2775324,-23.8872342],[-46.2775471,-23.8875937],[-46.2777672,-23.8878652],[-46.2777819,-23.8880633],[-46.2781928,-23.8883714],[-46.2781634,-23.8888777],[-46.2785743,-23.8892225],[-46.278743,-23.88945],[-46.2788311,-23.8898168],[-46.2794401,-23.8900223],[-46.2798142,-23.8905285],[-46.2801077,-23.8908954],[-46.2802104,-23.8910861],[-46.2804672,-23.8911595],[-46.2806433,-23.8913503],[-46.280592,-23.8920399],[-46.2807901,-23.8923628],[-46.2808341,-23.8926782],[-46.2813037,-23.8926709],[-46.2814871,-23.892891],[-46.2817145,-23.893566],[-46.2817145,-23.8940246],[-46.2822868,-23.8940172],[-46.2824335,-23.894098],[-46.2826537,-23.894296],[-46.2829471,-23.8950077],[-46.2831746,-23.8952939],[-46.2833874,-23.8957818],[-46.2838716,-23.8961706],[-46.2841651,-23.8968016],[-46.2841284,-23.89755],[-46.2843118,-23.8980342],[-46.2844879,-23.898269],[-46.2846053,-23.8983277],[-46.2848547,-23.8984671],[-46.2855298,-23.8988633],[-46.2858819,-23.8993696],[-46.2862708,-23.8994429],[-46.2865936,-23.899553],[-46.2868137,-23.8997951],[-46.2870412,-23.8999492],[-46.2875181,-23.9003307],[-46.2878116,-23.9005875],[-46.2880096,-23.9008993],[-46.2880096,-23.9011708],[-46.2883985,-23.9014276],[-46.28867,-23.9015743],[-46.2888241,-23.9016184],[-46.2890222,-23.9018165],[-46.2890148,-23.9020439],[-46.2889121,-23.902176],[-46.288714,-23.9022934],[-46.2884352,-23.9024915],[-46.2883765,-23.9027996],[-46.2883178,-23.9030857],[-46.2884572,-23.9032838],[-46.2884352,-23.9036324],[-46.2887323,-23.9040836],[-46.2887837,-23.9042413],[-46.2888351,-23.9045348],[-46.2889181,-23.9046301]]]}},{"type":"Feature","properties":{"cd_bairro":"3548500057","bairro":"Monte Cabrão","area_km2":1.0344824},"geometry":{"type":"Polygon","coordinates":[[[-46.2848786,-23.9101466],[-46.2846684,-23.9099112],[-46.2846011,-23.909743],[-46.2842311,-23.9098271],[-46.2838275,-23.9096757],[-46.2836762,-23.9098691],[-46.2835248,-23.90997],[-46.2831885,-23.90997],[-46.282869,-23.9098523],[-46.2825327,-23.9096253],[-46.2824486,-23.909331],[-46.2824402,-23.9101214],[-46.2823982,-23.91034],[-46.2785184,-23.9103926],[-46.277973,-23.9104],[-46.2779458,-23.9104016],[-46.2779176,-23.9103999],[-46.27791,-23.9104005],[-46.2778819,-23.9103999],[-46.2778538,-23.9104007],[-46.2774504,-23.9103957],[-46.2761046,-23.9103789],[-46.2760542,-23.9122497],[-46.2763064,-23.9123842],[-46.2772145,-23.912771],[-46.2774667,-23.9130737],[-46.2776517,-23.9134605],[-46.2780385,-23.9141499],[-46.2782874,-23.9146562],[-46.2785262,-23.9151421],[-46.2787364,-23.9160907],[-46.2794252,-23.9162896],[-46.2799922,-23.9165908],[-46.2804705,-23.9168565],[-46.2805579,-23.9172727],[-46.280546,-23.9180408],[-46.2805817,-23.9184755],[-46.2808602,-23.9190179],[-46.2811969,-23.9194431],[-46.2815689,-23.9197266],[-46.2819764,-23.919886],[-46.2826496,-23.9200632],[-46.2837303,-23.9203289],[-46.2843681,-23.9203998],[-46.2847578,-23.9205238],[-46.2849704,-23.9206655],[-46.2853779,-23.9208959],[-46.2858385,-23.9211262],[-46.2865295,-23.9212502],[-46.2867232,-23.9213139],[-46.2869364,-23.9213698],[-46.2879053,-23.918573],[-46.2880206,-23.91824],[-46.2880719,-23.918092],[-46.2881983,-23.9175991],[-46.288286,-23.9174003],[-46.2884479,-23.9169389],[-46.2886342,-23.9164826],[-46.2890509,-23.915627],[-46.2890277,-23.9155785],[-46.2890158,-23.9155538],[-46.2889692,-23.9154564],[-46.2887863,-23.9153071],[-46.2885403,-23.9152609],[-46.2883882,-23.9151354],[-46.2883762,-23.9151129],[-46.2883466,-23.9151044],[-46.2881431,-23.9150444],[-46.2878992,-23.9149498],[-46.2877417,-23.9148318],[-46.2877151,-23.9147904],[-46.2876796,-23.9147447],[-46.2875839,-23.9146597],[-46.287541,-23.9136571],[-46.2875333,-23.9136328],[-46.287527,-23.9135945],[-46.2875271,-23.9135695],[-46.2875279,-23.9134517],[-46.2875282,-23.9134371],[-46.2875286,-23.9134221],[-46.2875356,-23.9130768],[-46.2874977,-23.9121225],[-46.2875019,-23.9112985],[-46.2872749,-23.9115087],[-46.287132,-23.9116685],[-46.2867956,-23.9115844],[-46.2863248,-23.9114246],[-46.2861398,-23.9111808],[-46.2859212,-23.9108024],[-46.2854503,-23.9105586],[-46.2852676,-23.9104091],[-46.2852653,-23.9104072],[-46.2848786,-23.9101466]]]}},{"type":"Feature","properties":{"cd_bairro":"3548500059","bairro":"Cabuçu","area_km2":3.6958717},"geometry":{"type":"Polygon","coordinates":[[[-46.2216045,-23.8951317],[-46.2214502,-23.8953097],[-46.2212597,-23.8954562],[-46.2211864,-23.8954269],[-46.2210545,-23.8957494],[-46.2209812,-23.8960133],[-46.2207613,-23.8962185],[-46.2206733,-23.8963504],[-46.2208199,-23.896453],[-46.2209958,-23.8966143],[-46.2208932,-23.8968488],[-46.2208053,-23.8970687],[-46.2206294,-23.8971713],[-46.2205707,-23.8972885],[-46.2214942,-23.8976843],[-46.2218753,-23.8982853],[-46.221934,-23.8988716],[-46.2220219,-23.8996045],[-46.2218753,-23.9001909],[-46.2219193,-23.900484],[-46.2215235,-23.9008358],[-46.2214649,-23.9015101],[-46.221333,-23.901774],[-46.2213476,-23.9018766],[-46.2215382,-23.9021697],[-46.2214942,-23.9024629],[-46.2215089,-23.9028294],[-46.2219688,-23.9028194],[-46.2220875,-23.9028149],[-46.2220978,-23.9026907],[-46.2228637,-23.9021215],[-46.2228637,-23.90178],[-46.222667,-23.9014281],[-46.2228326,-23.9008175],[-46.2229568,-23.900714],[-46.2233397,-23.900714],[-46.223656,-23.90073],[-46.2240538,-23.9005277],[-46.2242504,-23.9003518],[-46.2244445,-23.9001392],[-46.2244808,-23.9000919],[-46.2244185,-23.8999966],[-46.2243416,-23.8998794],[-46.2241803,-23.8997804],[-46.2241107,-23.8997035],[-46.2240741,-23.8995496],[-46.2240557,-23.8994433],[-46.2240264,-23.8993737],[-46.2239238,-23.8993187],[-46.2237772,-23.8992674],[-46.223671,-23.8992344],[-46.223517,-23.8991978],[-46.2233118,-23.8991685],[-46.2231579,-23.8991391],[-46.2231491,-23.8991391],[-46.2230706,-23.8991461],[-46.2229465,-23.898965],[-46.2227964,-23.8986493],[-46.2228119,-23.8979508],[-46.222755,-23.8978007],[-46.2226463,-23.8975782],[-46.2225635,-23.8973868],[-46.2226153,-23.8972677],[-46.2227343,-23.897216],[-46.2228481,-23.8972884],[-46.223041,-23.89742],[-46.2231069,-23.8975058],[-46.2232259,-23.8975006],[-46.2232447,-23.8973244],[-46.2232155,-23.8971526],[-46.2230938,-23.8970207],[-46.2230913,-23.8970181],[-46.2230344,-23.8969404],[-46.222874,-23.8968214],[-46.2227032,-23.8967128],[-46.2225946,-23.8965938],[-46.222636,-23.8964178],[-46.2227446,-23.8962367],[-46.2229206,-23.8961384],[-46.2230499,-23.8961177],[-46.2231276,-23.8962108],[-46.2231586,-23.8963816],[-46.223201,-23.896475],[-46.2233242,-23.8964903],[-46.2234329,-23.8963505],[-46.2235312,-23.8961953],[-46.2236243,-23.896009],[-46.2237796,-23.8959107],[-46.2245177,-23.8959344],[-46.2245427,-23.8957914],[-46.224649,-23.895753],[-46.224708,-23.8955955],[-46.2248766,-23.8956102],[-46.2251185,-23.8957128],[-46.2252797,-23.8958154],[-46.2253896,-23.8958813],[-46.2256755,-23.895962],[-46.2258807,-23.8960059],[-46.2260639,-23.8960646],[-46.2262984,-23.8961452],[-46.2265183,-23.8962625],[-46.2266869,-23.8963577],[-46.2268335,-23.8964457],[-46.2269361,-23.896519],[-46.2269141,-23.8966362],[-46.2268261,-23.8968195],[-46.2267675,-23.8970467],[-46.2267235,-23.8973398],[-46.2267382,-23.8975231],[-46.2268701,-23.8977429],[-46.2269801,-23.8979262],[-46.2271706,-23.898146],[-46.2273758,-23.8982047],[-46.2275517,-23.898212],[-46.2276617,-23.8980801],[-46.2278376,-23.8979335],[-46.2280428,-23.8979042],[-46.2282407,-23.8978602],[-46.2285118,-23.897677],[-46.2287317,-23.8975011],[-46.2290469,-23.8971419],[-46.2292301,-23.8969001],[-46.2292814,-23.8967315],[-46.229337,-23.8964424],[-46.2293163,-23.8961319],[-46.229099,-23.8958525],[-46.2291094,-23.8953557],[-46.2291715,-23.8945796],[-46.2292335,-23.8937827],[-46.2295751,-23.893969],[-46.2298855,-23.8939793],[-46.2301236,-23.8938448],[-46.2305479,-23.8939069],[-46.2308377,-23.8941656],[-46.2318312,-23.8951695],[-46.2325349,-23.8947451],[-46.233042,-23.8945459],[-46.2427599,-23.8946184],[-46.2430186,-23.8943493],[-46.243298,-23.8941527],[-46.2435567,-23.8940285],[-46.2436188,-23.893749],[-46.2441827,-23.8936112],[-46.244204,-23.8935978],[-46.2444668,-23.8941253],[-46.24469,-23.894606],[-46.2449453,-23.8952666],[-46.2450516,-23.8955619],[-46.2450751,-23.8955535],[-46.2450767,-23.8955529],[-46.2451,-23.8955438],[-46.2451231,-23.8955343],[-46.2454713,-23.8954049],[-46.2454506,-23.8951669],[-46.2454817,-23.8947322],[-46.2457197,-23.894577],[-46.2458542,-23.8944217],[-46.2461958,-23.8943079],[-46.2465476,-23.8942354],[-46.2469719,-23.8938836],[-46.2473963,-23.8938836],[-46.2477688,-23.8936559],[-46.249404,-23.8937361],[-46.2499732,-23.893436],[-46.2501595,-23.8933221],[-46.2503044,-23.892991],[-46.2509874,-23.8924528],[-46.2513186,-23.8922976],[-46.2517636,-23.8917387],[-46.2519499,-23.8916352],[-46.2523949,-23.8915317],[-46.2527985,-23.8915214],[-46.2545061,-23.8909729],[-46.2548787,-23.8898293],[-46.2538438,-23.8888979],[-46.2537817,-23.8879768],[-46.25403,-23.8873455],[-46.253999,-23.8867349],[-46.2520637,-23.8855551],[-46.2514428,-23.8847582],[-46.2514428,-23.8833689],[-46.2504596,-23.8827479],[-46.2494971,-23.8827686],[-46.2486485,-23.8825513],[-46.2486899,-23.8837725],[-46.2484933,-23.8840002],[-46.2478827,-23.8857957],[-46.2476032,-23.8861787],[-46.247274,-23.886238],[-46.247055,-23.886383],[-46.2464234,-23.8869238],[-46.2462579,-23.8872446],[-46.2460302,-23.8876068],[-46.2457611,-23.887907],[-46.2455334,-23.8879691],[-46.2450884,-23.8880311],[-46.2448297,-23.8881657],[-46.2445813,-23.8885693],[-46.2446123,-23.8887866],[-46.2446951,-23.8890868],[-46.2445813,-23.8894076],[-46.2434118,-23.8908772],[-46.2402466,-23.8896453],[-46.2361378,-23.8880172],[-46.2361964,-23.8877533],[-46.2364163,-23.8874748],[-46.2362111,-23.8871963],[-46.2361525,-23.8870204],[-46.2362258,-23.8869325],[-46.2365189,-23.8865367],[-46.2365776,-23.8864488],[-46.2365776,-23.8862875],[-46.236299,-23.8858624],[-46.2361818,-23.8856425],[-46.2364163,-23.8851295],[-46.236299,-23.8847631],[-46.235874,-23.8843233],[-46.2354195,-23.8841034],[-46.235229,-23.8840155],[-46.2350971,-23.883649],[-46.2348919,-23.8834145],[-46.2345987,-23.8828868],[-46.234584,-23.8826083],[-46.234672,-23.8820806],[-46.2347746,-23.8815822],[-46.235363,-23.880947],[-46.235348,-23.880768],[-46.2353913,-23.8802486],[-46.235324,-23.8799278],[-46.2351429,-23.8794362],[-46.2349152,-23.8790119],[-46.2347652,-23.8786432],[-46.2344495,-23.8785708],[-46.2342218,-23.8785138],[-46.2338803,-23.8783948],[-46.2337458,-23.8782706],[-46.2335284,-23.8779964],[-46.2334353,-23.8777842],[-46.2331921,-23.8774686],[-46.2322037,-23.8769705],[-46.2315,-23.8762461],[-46.2312051,-23.875858],[-46.231174,-23.8760701],[-46.2312309,-23.8762306],[-46.2313396,-23.876422],[-46.2312878,-23.8766652],[-46.2311274,-23.8767946],[-46.2308428,-23.8768308],[-46.2308221,-23.876986],[-46.2309049,-23.8771206],[-46.2310912,-23.8772655],[-46.2312051,-23.8773922],[-46.2312206,-23.8775682],[-46.2311688,-23.8778476],[-46.2308739,-23.8779666],[-46.2306669,-23.8779252],[-46.2304599,-23.8777182],[-46.2303823,-23.8778476],[-46.2304392,-23.8780753],[-46.2305324,-23.8782202],[-46.230522,-23.8784116],[-46.2304237,-23.8785876],[-46.2302064,-23.8786031],[-46.2297148,-23.8783754],[-46.2293422,-23.8783599],[-46.2294302,-23.8786652],[-46.2295181,-23.8788049],[-46.2294612,-23.8791361],[-46.2293163,-23.8792965],[-46.2289127,-23.8795268],[-46.229011,-23.8800132],[-46.2289024,-23.8804116],[-46.2289386,-23.8810015],[-46.2289024,-23.8816483],[-46.2284263,-23.8825629],[-46.2283125,-23.882744],[-46.2282763,-23.8830079],[-46.2281469,-23.8832977],[-46.2279761,-23.8834788],[-46.2276294,-23.8836651],[-46.2273811,-23.8836341],[-46.2271792,-23.883603],[-46.226993,-23.8836548],[-46.2268274,-23.883929],[-46.2267239,-23.8839808],[-46.2265686,-23.8839083],[-46.2263617,-23.8836806],[-46.2261495,-23.8835357],[-46.2259736,-23.8835564],[-46.2258856,-23.8838048],[-46.2256941,-23.8839135],[-46.2254665,-23.8839497],[-46.2254147,-23.8841877],[-46.2251249,-23.8842291],[-46.2248434,-23.8841813],[-46.2247044,-23.8841694],[-46.2243819,-23.8843453],[-46.224619,-23.884817],[-46.224675,-23.8857671],[-46.224763,-23.8859137],[-46.2250268,-23.886676],[-46.2250268,-23.8879445],[-46.224807,-23.888109],[-46.2242453,-23.8886495],[-46.2239762,-23.8884477],[-46.2237589,-23.8884787],[-46.2235001,-23.8885874],[-46.2232466,-23.8887737],[-46.2232098,-23.8889992],[-46.2230758,-23.8890842],[-46.2227446,-23.8890738],[-46.2224497,-23.8890324],[-46.2221599,-23.8888772],[-46.2219788,-23.8886961],[-46.2219167,-23.8884632],[-46.2218443,-23.8882459],[-46.2216476,-23.8884167],[-46.2213889,-23.8886081],[-46.2212595,-23.8886599],[-46.2210422,-23.8885667],[-46.2205196,-23.8881941],[-46.2203281,-23.8883183],[-46.2201574,-23.888427],[-46.2200228,-23.8884063],[-46.220008,-23.8884043],[-46.219926,-23.888481],[-46.2199556,-23.8886185],[-46.2199504,-23.8887013],[-46.2198831,-23.8887582],[-46.2198755,-23.8887582],[-46.2198484,-23.8889074],[-46.2198572,-23.8889134],[-46.2199866,-23.8890842],[-46.220059,-23.8892756],[-46.2200125,-23.889493],[-46.2198789,-23.8896542],[-46.2197206,-23.8898421],[-46.2197499,-23.8900767],[-46.2196326,-23.8903552],[-46.2196326,-23.8905018],[-46.2199404,-23.8905457],[-46.2200137,-23.8905164],[-46.2200973,-23.8904458],[-46.22014,-23.8904648],[-46.2201624,-23.8904759],[-46.2201834,-23.8904908],[-46.22021,-23.8905138],[-46.2202324,-23.8905249],[-46.2202553,-23.890535],[-46.2203079,-23.8905821],[-46.2201681,-23.8910345],[-46.2204179,-23.8913374],[-46.2202629,-23.8915865],[-46.2202922,-23.8920849],[-46.2204974,-23.8927005],[-46.2206001,-23.8932575],[-46.2207613,-23.8937119],[-46.2213916,-23.8943129],[-46.2214791,-23.8943237],[-46.2214821,-23.8943273],[-46.2216244,-23.8945213],[-46.2216994,-23.8948846],[-46.2216408,-23.8950898],[-46.2216045,-23.8951317]]]}},{"type":"Feature","properties":{"cd_bairro":"3548500060","bairro":"Iriri","area_km2":1.2230015},"geometry":{"type":"Polygon","coordinates":[[[-46.2061585,-23.8833992],[-46.2061513,-23.8838361],[-46.2057975,-23.8844273],[-46.205235,-23.8850918],[-46.2050472,-23.8862441],[-46.2053393,-23.886122],[-46.2054572,-23.886228],[-46.205476,-23.886245],[-46.205494,-23.8862624],[-46.2055285,-23.886294],[-46.2055472,-23.8863115],[-46.2055674,-23.8863274],[-46.2056175,-23.8863695],[-46.2044681,-23.8880242],[-46.2038097,-23.8882524],[-46.2035248,-23.888307],[-46.2030768,-23.8888833],[-46.2030393,-23.8895344],[-46.2031263,-23.8900008],[-46.2032459,-23.8903755],[-46.2034702,-23.8906984],[-46.2034495,-23.8910333],[-46.2032371,-23.8912334],[-46.2030566,-23.8913409],[-46.2020129,-23.8911141],[-46.201721,-23.8910924],[-46.2015292,-23.891313],[-46.2015669,-23.8914497],[-46.2017645,-23.8916335],[-46.2019341,-23.8920607],[-46.2023459,-23.8928867],[-46.2026607,-23.8933187],[-46.2028532,-23.8934537],[-46.2032703,-23.8939593],[-46.2040678,-23.8939339],[-46.2037801,-23.8936709],[-46.2036565,-23.8933493],[-46.2036637,-23.893057],[-46.2037078,-23.8928644],[-46.2038993,-23.8926947],[-46.2041699,-23.8925169],[-46.2042397,-23.8923252],[-46.204425,-23.8921854],[-46.2047349,-23.89192],[-46.2050329,-23.8918945],[-46.2055288,-23.8917243],[-46.2058599,-23.8916651],[-46.2062224,-23.8914867],[-46.2065031,-23.8913656],[-46.2066598,-23.8913067],[-46.2067213,-23.8909324],[-46.207104,-23.8908785],[-46.207288,-23.8909245],[-46.2074504,-23.8911546],[-46.2075713,-23.8914569],[-46.2074261,-23.891744],[-46.2077043,-23.8918061],[-46.2078275,-23.8919456],[-46.207786,-23.8922272],[-46.2070187,-23.8928729],[-46.206825,-23.8930431],[-46.2068419,-23.8933516],[-46.2069981,-23.8937008],[-46.2071684,-23.8939337],[-46.2074091,-23.8940376],[-46.2074568,-23.8942901],[-46.2070063,-23.8953192],[-46.2069196,-23.8959541],[-46.2064018,-23.8961033],[-46.2061231,-23.896311],[-46.2064432,-23.8964275],[-46.2080033,-23.8964569],[-46.2082184,-23.8966235],[-46.2083854,-23.8969531],[-46.2088801,-23.8972445],[-46.2090971,-23.8974391],[-46.2092991,-23.8982385],[-46.2096786,-23.898438],[-46.2101322,-23.8986076],[-46.2104015,-23.8986626],[-46.2107057,-23.8992656],[-46.2108606,-23.8995264],[-46.2115713,-23.8997611],[-46.2115594,-23.8999516],[-46.2116666,-23.9002375],[-46.2120953,-23.9006781],[-46.2118571,-23.9009282],[-46.211679,-23.901273],[-46.2116904,-23.9015951],[-46.2115951,-23.9020953],[-46.2115467,-23.9023683],[-46.2115843,-23.9028651],[-46.2121607,-23.9028586],[-46.2126868,-23.902504],[-46.2131257,-23.9023055],[-46.2133123,-23.9021657],[-46.2135216,-23.9019379],[-46.2135194,-23.9017565],[-46.2141182,-23.9015326],[-46.2143271,-23.9005612],[-46.2141542,-23.8999156],[-46.2140249,-23.8994832],[-46.2138066,-23.899078],[-46.2139394,-23.898624],[-46.2140408,-23.8981192],[-46.2142983,-23.8978671],[-46.2144607,-23.8975989],[-46.2147718,-23.8971855],[-46.2148418,-23.8968424],[-46.2148733,-23.8965657],[-46.2148219,-23.8963701],[-46.214659,-23.8960321],[-46.2144362,-23.8957425],[-46.2144365,-23.8957175],[-46.2137698,-23.8957108],[-46.2128431,-23.8954592],[-46.2122531,-23.8951391],[-46.2115581,-23.8943925],[-46.2112715,-23.8938225],[-46.2112148,-23.8928841],[-46.2111915,-23.8922142],[-46.2112162,-23.8921892],[-46.2112392,-23.8921676],[-46.211263,-23.8921454],[-46.2112882,-23.8921215],[-46.2114581,-23.8918899],[-46.2119123,-23.8914589],[-46.2120034,-23.8911986],[-46.2120339,-23.8908773],[-46.2121609,-23.8907863],[-46.2126644,-23.8907759],[-46.2129304,-23.8905906],[-46.2128233,-23.8902882],[-46.2128116,-23.8900241],[-46.2130595,-23.8897719],[-46.2133442,-23.8897579],[-46.213183,-23.889494],[-46.2130877,-23.8893328],[-46.2129851,-23.8890909],[-46.2129265,-23.888937],[-46.2130291,-23.8887758],[-46.2127506,-23.8886878],[-46.2123035,-23.8886218],[-46.2119883,-23.8885852],[-46.211758,-23.8885581],[-46.2116585,-23.8884679],[-46.2114657,-23.8883314],[-46.2112605,-23.8881922],[-46.2112064,-23.8881006],[-46.2111941,-23.8880033],[-46.2112247,-23.8878078],[-46.211243,-23.887631],[-46.2113287,-23.8874932],[-46.2114597,-23.8874473],[-46.2116551,-23.8873327],[-46.2114313,-23.8870534],[-46.2112701,-23.8867749],[-46.2111895,-23.8866503],[-46.2110649,-23.8864524],[-46.2109989,-23.8862252],[-46.2109623,-23.8860053],[-46.2109623,-23.8856975],[-46.2109109,-23.8854996],[-46.2109109,-23.8852798],[-46.210823,-23.8851405],[-46.210735,-23.8849206],[-46.2106691,-23.8847447],[-46.2106759,-23.8846217],[-46.2106031,-23.8844406],[-46.2106691,-23.8842867],[-46.2107497,-23.8840301],[-46.2108816,-23.8838249],[-46.2109027,-23.8836352],[-46.2108211,-23.8835936],[-46.2107057,-23.8836417],[-46.2104639,-23.883693],[-46.2102587,-23.8837443],[-46.2100388,-23.883649],[-46.2099362,-23.8834731],[-46.2099866,-23.8831924],[-46.2098482,-23.8831726],[-46.209643,-23.8831873],[-46.2095551,-23.883136],[-46.2095115,-23.8830551],[-46.2095038,-23.8830407],[-46.2094083,-23.8829306],[-46.2092839,-23.8828135],[-46.2091593,-23.8829528],[-46.2091007,-23.8832239],[-46.2091153,-23.8834218],[-46.209086,-23.8836344],[-46.208998,-23.8837956],[-46.2087708,-23.8839055],[-46.2085436,-23.8839129],[-46.2081259,-23.8838249],[-46.2078181,-23.883781],[-46.2076055,-23.8836564],[-46.2073636,-23.8835757],[-46.2070778,-23.8835464],[-46.2068066,-23.8834658],[-46.2065721,-23.8833998],[-46.2063349,-23.8833761],[-46.2061585,-23.8833992]]]}},{"type":"Feature","properties":{"cd_bairro":"3548500061","bairro":"Caruara","area_km2":1.6919012},"geometry":{"type":"Polygon","coordinates":[[[-46.1942376,-23.8875437],[-46.194238,-23.8875266],[-46.1943742,-23.8874141],[-46.1946879,-23.887238],[-46.1949593,-23.887161],[-46.1951561,-23.8871599],[-46.1953486,-23.8871336],[-46.195616,-23.8870561],[-46.1955636,-23.8869256],[-46.1953207,-23.8867024],[-46.1952547,-23.8866217],[-46.1952987,-23.8862108],[-46.1954784,-23.8860567],[-46.1958893,-23.8860274],[-46.1961901,-23.8860714],[-46.1962967,-23.8861101],[-46.1964579,-23.8861631],[-46.1976025,-23.8861815],[-46.1978373,-23.8861925],[-46.1981197,-23.8863355],[-46.1985636,-23.8866437],[-46.1988534,-23.8869959],[-46.1991433,-23.8868161],[-46.1993707,-23.8867611],[-46.199976,-23.8868895],[-46.200064,-23.887194],[-46.2003575,-23.8871646],[-46.2007024,-23.887227],[-46.2009335,-23.8873921],[-46.2012673,-23.8872893],[-46.2011683,-23.8871243],[-46.2011326,-23.8870065],[-46.2011059,-23.8869408],[-46.2010839,-23.8867684],[-46.2011463,-23.8865116],[-46.2011893,-23.8862397],[-46.2011375,-23.8861166],[-46.2011458,-23.8859474],[-46.201154,-23.8859185],[-46.2011914,-23.8857883],[-46.2006839,-23.8852223],[-46.2005866,-23.8851186],[-46.2005271,-23.8850154],[-46.200528,-23.8849855],[-46.2005309,-23.8849567],[-46.200536,-23.8849164],[-46.2005383,-23.8848866],[-46.2005393,-23.8848569],[-46.2005672,-23.8847298],[-46.2003245,-23.8844371],[-46.2002695,-23.8841289],[-46.2002621,-23.8838648],[-46.1997962,-23.8838758],[-46.1995248,-23.8837548],[-46.1992973,-23.8835126],[-46.199202,-23.8833696],[-46.1992258,-23.8833122],[-46.1991869,-23.8832701],[-46.199161,-23.8832361],[-46.1991237,-23.8832199],[-46.1990887,-23.8831804],[-46.1990508,-23.8830951],[-46.1988755,-23.8830577],[-46.198604,-23.8829],[-46.1984132,-23.8827716],[-46.1982628,-23.8825992],[-46.1982555,-23.8822067],[-46.1983435,-23.8819315],[-46.1985049,-23.8818068],[-46.1987251,-23.8817481],[-46.1988305,-23.8818007],[-46.1990515,-23.8818031],[-46.1992423,-23.8817408],[-46.1994734,-23.8816417],[-46.1996568,-23.881638],[-46.1998073,-23.8816967],[-46.2001301,-23.8816821],[-46.199998,-23.8814436],[-46.1999657,-23.8813364],[-46.1998256,-23.8811061],[-46.1999136,-23.8807943],[-46.2002043,-23.8803353],[-46.2001298,-23.8802413],[-46.2000099,-23.8801279],[-46.1998803,-23.8799627],[-46.1998446,-23.8798914],[-46.199822,-23.8797585],[-46.1997896,-23.8796516],[-46.1997636,-23.8795512],[-46.199809,-23.8794734],[-46.1998382,-23.8793179],[-46.19989,-23.8792304],[-46.199971,-23.8790619],[-46.2002878,-23.8790811],[-46.2001978,-23.8787833],[-46.2000604,-23.8785382],[-46.1999943,-23.8783181],[-46.2000488,-23.8780186],[-46.2000488,-23.8778015],[-46.2000423,-23.8777172],[-46.2000844,-23.8776168],[-46.2001265,-23.8774451],[-46.200146,-23.8772993],[-46.200214,-23.8772085],[-46.2002011,-23.8771146],[-46.2002432,-23.8770498],[-46.2003177,-23.8769558],[-46.2004246,-23.8768456],[-46.2004732,-23.8767711],[-46.200564,-23.8766869],[-46.2006158,-23.8766188],[-46.2006677,-23.8765637],[-46.2008491,-23.8765865],[-46.2011022,-23.8766379],[-46.2013003,-23.8765975],[-46.2015718,-23.8765352],[-46.2016819,-23.8764728],[-46.201698,-23.8763628],[-46.2016745,-23.876238],[-46.2017772,-23.8761023],[-46.201891,-23.8759702],[-46.2019827,-23.8759005],[-46.2019896,-23.8757926],[-46.2020135,-23.8756535],[-46.2020705,-23.8754558],[-46.202189,-23.875035],[-46.201932,-23.875365],[-46.201672,-23.87577],[-46.201348,-23.876074],[-46.201086,-23.87616],[-46.200825,-23.876164],[-46.200449,-23.876305],[-46.200294,-23.876433],[-46.199854,-23.877159],[-46.199499,-23.878447],[-46.199382,-23.879152],[-46.19953,-23.880086],[-46.199506,-23.880207],[-46.199411,-23.880287],[-46.199134,-23.880325],[-46.198925,-23.880289],[-46.198506,-23.880134],[-46.198414,-23.880319],[-46.198344,-23.88042],[-46.198313,-23.880449],[-46.198264,-23.880464],[-46.198094,-23.880495],[-46.198027,-23.880524],[-46.197982,-23.880564],[-46.197777,-23.880758],[-46.197719,-23.880775],[-46.197531,-23.880786],[-46.197483,-23.880809],[-46.197453,-23.880847],[-46.197377,-23.881026],[-46.197312,-23.881119],[-46.197196,-23.881166],[-46.196914,-23.881157],[-46.196841,-23.881103],[-46.196824,-23.881033],[-46.19685,-23.880984],[-46.196851,-23.88095],[-46.196828,-23.880928],[-46.196724,-23.880931],[-46.196487,-23.880914],[-46.196419,-23.880873],[-46.19632,-23.880844],[-46.196235,-23.880834],[-46.19618,-23.880858],[-46.196164,-23.880897],[-46.196127,-23.880988],[-46.19607,-23.881009],[-46.195987,-23.881009],[-46.195751,-23.880885],[-46.195345,-23.880588],[-46.194927,-23.880337],[-46.194611,-23.88023],[-46.194436,-23.880232],[-46.194085,-23.880315],[-46.193561,-23.880575],[-46.19304,-23.880727],[-46.192733,-23.880907],[-46.192495,-23.8811281],[-46.19229,-23.881318],[-46.192012,-23.881413],[-46.191658,-23.881477],[-46.191427,-23.88157],[-46.191352,-23.88169],[-46.191352,-23.881823],[-46.19149,-23.881946],[-46.191644,-23.882116],[-46.191722,-23.882255],[-46.191747,-23.88234],[-46.191731,-23.88243],[-46.191683,-23.882489],[-46.191575,-23.882515],[-46.191426,-23.882494],[-46.190684,-23.882258],[-46.190251,-23.88225],[-46.190025,-23.882167],[-46.189701,-23.881833],[-46.189527,-23.881733],[-46.189297,-23.881654],[-46.188735,-23.881687],[-46.187668,-23.881927],[-46.186925,-23.881963],[-46.185735,-23.882101],[-46.1849158,-23.8820811],[-46.184911,-23.882081],[-46.18471,-23.882044],[-46.184497,-23.882074],[-46.182971,-23.881935],[-46.182956,-23.881933],[-46.182389,-23.881831],[-46.182235,-23.881843],[-46.181892,-23.881978],[-46.181826,-23.88205],[-46.181773,-23.882106],[-46.181651,-23.882228],[-46.181439,-23.882352],[-46.181253,-23.882411],[-46.18113,-23.882387],[-46.181006,-23.88238],[-46.180917,-23.882397],[-46.180811,-23.882431],[-46.18074,-23.882479],[-46.180687,-23.882522],[-46.180555,-23.882547],[-46.180326,-23.882532],[-46.180192,-23.882468],[-46.179951,-23.882371],[-46.17981,-23.882332],[-46.179633,-23.882358],[-46.179631,-23.882359],[-46.179519,-23.882408],[-46.179369,-23.88249],[-46.179237,-23.882533],[-46.179139,-23.882582],[-46.179034,-23.882616],[-46.178945,-23.882616],[-46.178865,-23.882552],[-46.178776,-23.88243],[-46.178722,-23.882357],[-46.178632,-23.882309],[-46.178562,-23.882301],[-46.178483,-23.882334],[-46.17843,-23.882416],[-46.178439,-23.882464],[-46.178649,-23.883171],[-46.178641,-23.883286],[-46.178633,-23.883367],[-46.17859,-23.88344],[-46.178492,-23.883458],[-46.178377,-23.883418],[-46.178288,-23.883321],[-46.178234,-23.883248],[-46.178162,-23.883199],[-46.178101,-23.883199],[-46.178058,-23.883241],[-46.178032,-23.883331],[-46.178077,-23.883437],[-46.178139,-23.883525],[-46.178299,-23.883646],[-46.178655,-23.883822],[-46.178781,-23.883936],[-46.178932,-23.88404],[-46.179047,-23.884145],[-46.179119,-23.884235],[-46.179129,-23.884307],[-46.179017,-23.884385],[-46.178693,-23.884589],[-46.178345,-23.884753],[-46.178161,-23.884925],[-46.178074,-23.885129],[-46.178102,-23.885234],[-46.178227,-23.885405],[-46.178343,-23.885542],[-46.178396,-23.885606],[-46.178607,-23.885652],[-46.178831,-23.885579],[-46.179012,-23.885525],[-46.179128,-23.885513],[-46.179173,-23.885533],[-46.179209,-23.885568],[-46.179247,-23.885642],[-46.179261,-23.885711],[-46.17926,-23.885783],[-46.179257,-23.885828],[-46.179231,-23.885945],[-46.179147,-23.886055],[-46.179047,-23.886118],[-46.178913,-23.886198],[-46.178779,-23.886256],[-46.178612,-23.886308],[-46.178393,-23.886321],[-46.178227,-23.886328],[-46.178078,-23.886335],[-46.177894,-23.886341],[-46.177788,-23.88633],[-46.177657,-23.88632],[-46.177538,-23.886316],[-46.177475,-23.886337],[-46.177452,-23.886357],[-46.177392,-23.886459],[-46.177392,-23.886515],[-46.177427,-23.88664],[-46.177491,-23.886748],[-46.177623,-23.886938],[-46.177726,-23.887107],[-46.177794,-23.887233],[-46.1781591,-23.8872172],[-46.1787969,-23.8872881],[-46.1795764,-23.8873235],[-46.1809937,-23.8877133],[-46.1823755,-23.8883156],[-46.1835094,-23.8887054],[-46.1839346,-23.8886345],[-46.1843952,-23.8889889],[-46.1870172,-23.8902999],[-46.1878358,-23.8907169],[-46.1888951,-23.8912565],[-46.1894306,-23.8915586],[-46.189857,-23.889069],[-46.1916634,-23.8895384],[-46.1927865,-23.8903034],[-46.1928859,-23.8903297],[-46.1930824,-23.8903279],[-46.19326,-23.8902937],[-46.1933989,-23.8901933],[-46.1934753,-23.8900023],[-46.193459,-23.8897894],[-46.1933498,-23.8896148],[-46.1918763,-23.8889817],[-46.1921328,-23.8879557],[-46.1936385,-23.888393],[-46.1938101,-23.8883389],[-46.1939829,-23.8881952],[-46.1941375,-23.8879205],[-46.1942376,-23.8875437]]]}},{"type":"Feature","properties":{"cd_bairro":"3548500065","bairro":"Vila Haddad","area_km2":0.1361469},"geometry":{"type":"Polygon","coordinates":[[[-46.355263,-23.929892],[-46.355265,-23.929895],[-46.3552867,-23.929925],[-46.3553639,-23.930032],[-46.355387,-23.930064],[-46.3554132,-23.930095],[-46.355713,-23.93045],[-46.356055,-23.930885],[-46.3567142,-23.9317299],[-46.35674,-23.931763],[-46.3567592,-23.9317889],[-46.3570901,-23.932235],[-46.35714,-23.932296],[-46.357487,-23.932662],[-46.3592269,-23.9336128],[-46.359265,-23.9336336],[-46.359271,-23.933587],[-46.359364,-23.932902],[-46.359496,-23.932306],[-46.359627,-23.931691],[-46.359785,-23.93072],[-46.3598573,-23.9304563],[-46.3598792,-23.9303448],[-46.3599083,-23.9301966],[-46.359884,-23.9301003],[-46.3598795,-23.9300825],[-46.3598486,-23.9300037],[-46.3598645,-23.929876],[-46.3601217,-23.9294192],[-46.36005,-23.9293931],[-46.3598514,-23.9293211],[-46.3597107,-23.92927],[-46.3595178,-23.9292],[-46.359446,-23.929174],[-46.35872,-23.929293],[-46.357553,-23.929479],[-46.356455,-23.929628],[-46.355622,-23.929843],[-46.355263,-23.929892]]]}},{"type":"Feature","properties":{"cd_bairro":"3548500066","bairro":"Chinês","area_km2":0.066511},"geometry":{"type":"Polygon","coordinates":[[[-46.3345641,-23.9330922],[-46.334566,-23.933095],[-46.335064,-23.933813],[-46.335192,-23.933917],[-46.335347,-23.934148],[-46.3353798,-23.9341682],[-46.3354676,-23.9342224],[-46.335501,-23.934243],[-46.335285,-23.934422],[-46.335379,-23.934392],[-46.3359824,-23.934221],[-46.3359737,-23.934193],[-46.3361808,-23.9340496],[-46.336566,-23.933783],[-46.3367503,-23.933649],[-46.336807,-23.933609],[-46.337732,-23.932999],[-46.337811,-23.932948],[-46.338051,-23.932764],[-46.338105,-23.932692],[-46.338136,-23.932543],[-46.338288,-23.931972],[-46.339045,-23.931372],[-46.339089,-23.931317],[-46.339174,-23.931115],[-46.339214,-23.930863],[-46.339353,-23.930748],[-46.339558,-23.930616],[-46.3398455,-23.9304836],[-46.3398252,-23.9304534],[-46.3398027,-23.9304153],[-46.339784,-23.9303836],[-46.339612,-23.930458],[-46.3392998,-23.9306425],[-46.339081,-23.930798],[-46.3388031,-23.9310222],[-46.338229,-23.931279],[-46.338075,-23.931358],[-46.337232,-23.931773],[-46.336563,-23.932098],[-46.336045,-23.932349],[-46.33458,-23.933046],[-46.3345641,-23.9330922]]]}},{"type":"Feature","properties":{"cd_bairro":"3548500067","bairro":"Ilhéu Alto","area_km2":0.2027065},"geometry":{"type":"Polygon","coordinates":[[[-46.377226,-23.9335851],[-46.3767638,-23.9336394],[-46.3766804,-23.9336432],[-46.3764567,-23.9336318],[-46.3762178,-23.9336129],[-46.3760662,-23.9336091],[-46.3757363,-23.9335674],[-46.3756188,-23.9334953],[-46.375505,-23.9334688],[-46.3753534,-23.9334536],[-46.3752889,-23.9334347],[-46.3751335,-23.9334384],[-46.3750007,-23.9334347],[-46.3748756,-23.9334195],[-46.3747202,-23.9334005],[-46.3746026,-23.9334005],[-46.3745458,-23.9334119],[-46.3744131,-23.9333967],[-46.3742917,-23.9333588],[-46.3742197,-23.9333399],[-46.374087,-23.9332944],[-46.3740149,-23.9332602],[-46.3738936,-23.9331806],[-46.3738405,-23.9331692],[-46.3738102,-23.9331617],[-46.3737495,-23.93312],[-46.3736358,-23.933101],[-46.3734841,-23.9330972],[-46.3733969,-23.93312],[-46.3733628,-23.9331313],[-46.3733173,-23.9331844],[-46.3733173,-23.9332261],[-46.3732377,-23.9332678],[-46.3731505,-23.9332451],[-46.373105,-23.9332072],[-46.3730253,-23.9332185],[-46.3729078,-23.9332906],[-46.3727523,-23.9334005],[-46.3726234,-23.9334953],[-46.3724794,-23.9336356],[-46.3724376,-23.9337531],[-46.3724414,-23.9338859],[-46.3724528,-23.9339768],[-46.3724756,-23.9340716],[-46.372361,-23.9341239],[-46.3726285,-23.9343787],[-46.3727489,-23.9345088],[-46.3729754,-23.9346945],[-46.3729796,-23.9347349],[-46.373053,-23.9347609],[-46.3732894,-23.9348453],[-46.3735468,-23.9349705],[-46.3736374,-23.9350164],[-46.3738039,-23.9350968],[-46.3740832,-23.9352096],[-46.3743405,-23.9353599],[-46.3745061,-23.9354649],[-46.3747348,-23.9356079],[-46.3747964,-23.935644],[-46.3749579,-23.9357582],[-46.3750765,-23.9358077],[-46.3752019,-23.9359038],[-46.3753808,-23.9359035],[-46.3755274,-23.9359875],[-46.3756796,-23.9360637],[-46.3757845,-23.9361317],[-46.3758185,-23.9361514],[-46.376043,-23.9362787],[-46.376275,-23.9364053],[-46.3764985,-23.9365522],[-46.3765911,-23.9366247],[-46.3767244,-23.9366945],[-46.3770784,-23.9367408],[-46.3772787,-23.9367913],[-46.3774038,-23.9368711],[-46.3774418,-23.9368598],[-46.3777194,-23.9363612],[-46.3778319,-23.9362648],[-46.3780924,-23.9362165],[-46.378406,-23.936341],[-46.378587,-23.936326],[-46.3786741,-23.9360939],[-46.3785808,-23.9359122],[-46.3786363,-23.9356926],[-46.3787801,-23.9354403],[-46.3789719,-23.9352585],[-46.379194,-23.9351298],[-46.3793601,-23.9351458],[-46.3794893,-23.9352104],[-46.3797961,-23.9352496],[-46.3800383,-23.9352727],[-46.3801698,-23.9352473],[-46.3802286,-23.9351837],[-46.3803731,-23.9351523],[-46.3803531,-23.9352162],[-46.3807668,-23.9352787],[-46.380781,-23.9351851],[-46.3808133,-23.9349059],[-46.3808133,-23.9347329],[-46.3807534,-23.9345369],[-46.3801398,-23.9339556],[-46.3793509,-23.9333235],[-46.3791938,-23.9332919],[-46.3789657,-23.9332945],[-46.3788245,-23.9333493],[-46.3785515,-23.9333948],[-46.3783696,-23.9334783],[-46.3780591,-23.9335265],[-46.3774317,-23.933568],[-46.377226,-23.9335851]]]}},{"type":"Feature","properties":{"cd_bairro":"3548500068","bairro":"Vila Hayden","area_km2":0.0410501},"geometry":{"type":"Polygon","coordinates":[[[-46.318928,-23.965341],[-46.318363,-23.965963],[-46.318287,-23.96604],[-46.317671,-23.96664],[-46.3182128,-23.9673757],[-46.31954,-23.966905],[-46.319646,-23.966907],[-46.3196429,-23.966872],[-46.3194672,-23.964906],[-46.319464,-23.96487],[-46.3194613,-23.964834],[-46.319369,-23.963624],[-46.319228,-23.963814],[-46.318286,-23.964851],[-46.318928,-23.965341]]]}}]}
